ポケモン名,タイプ1,タイプ2,H,A,B,C,D,S,とくせい1,とくせい2,とくせい3,ポケ徹ID,ポケ徹リンク種別
フシギダネ,くさ,どく,45,49,49,65,65,45,しんりょく,ようりょくそ,,n1,exact
フシギソウ,くさ,どく,60,62,63,80,80,60,しんりょく,ようりょくそ,,n2,exact
フシギバナ,くさ,どく,80,82,83,100,100,80,しんりょく,ようりょくそ,,n3,exact
メガフシギバナ,くさ,どく,80,100,123,122,120,80,あついしぼう,,,n3m,exact
ヒトカゲ,ほのお,,39,52,43,60,50,65,もうか,サンパワー,,n4,exact
リザード,ほのお,,58,64,58,80,65,80,もうか,サンパワー,,n5,exact
リザードン,ほのお,ひこう,78,84,78,109,85,100,もうか,サンパワー,,n6,exact
メガリザードンX,ほのお,ドラゴン,78,130,111,130,85,100,かたいツメ,,,n6x,exact
メガリザードンY,ほのお,ひこう,78,104,78,159,115,100,ひでり,,,n6y,exact
ゼニガメ,みず,,44,48,65,50,64,43,げきりゅう,あめうけざら,,n7,exact
カメール,みず,,59,63,80,65,80,58,げきりゅう,あめうけざら,,n8,exact
カメックス,みず,,79,83,100,85,105,78,げきりゅう,あめうけざら,,n9,exact
メガカメックス,みず,,79,103,120,135,115,78,メガランチャー,,,n9m,exact
キャタピー,むし,,45,30,35,20,20,45,りんぷん,にげあし,,n10,exact
トランセル,むし,,50,20,55,25,25,30,だっぴ,,,n11,exact
バタフリー,むし,ひこう,60,45,50,90,80,70,ふくがん,いろめがね,,n12,exact
ビードル,むし,どく,40,35,30,20,20,50,りんぷん,にげあし,,n13,exact
コクーン,むし,どく,45,25,50,25,25,35,だっぴ,,,n14,exact
スピアー,むし,どく,65,90,40,45,80,75,むしのしらせ,スナイパー,,n15,exact
メガスピアー,むし,どく,65,150,40,15,80,145,てきおうりょく,,,n15m,exact
ポッポ,ノーマル,ひこう,40,45,40,35,35,56,するどいめ,ちどりあし,はとむね,n16,exact
ピジョン,ノーマル,ひこう,63,60,55,50,50,71,するどいめ,ちどりあし,はとむね,n17,exact
ピジョット,ノーマル,ひこう,83,80,75,70,70,101,するどいめ,ちどりあし,はとむね,n18,exact
メガピジョット,ノーマル,ひこう,83,80,80,135,80,121,ノーガード,,,n18m,exact
コラッタ,ノーマル,,30,56,35,25,35,72,にげあし,こんじょう,はりきり,n19,exact
コラッタ(アローラ),あく,ノーマル,30,56,35,25,35,72,くいしんぼう,はりきり,あついしぼう,n19a,exact
ラッタ,ノーマル,,55,81,60,50,70,97,にげあし,こんじょう,はりきり,n20,exact
ラッタ(アローラ),あく,ノーマル,75,71,70,40,80,77,くいしんぼう,はりきり,あついしぼう,n20a,exact
ラッタ(ぬし・アローラ),あく,ノーマル,75,71,70,40,80,77,くいしんぼう,はりきり,あついしぼう,n20,species
オニスズメ,ノーマル,ひこう,40,60,30,31,31,70,するどいめ,スナイパー,,n21,exact
オニドリル,ノーマル,ひこう,65,90,65,61,61,100,するどいめ,スナイパー,,n22,exact
アーボ,どく,,35,60,44,40,54,55,いかく,だっぴ,きんちょうかん,n23,exact
アーボック,どく,,60,95,69,65,79,80,いかく,だっぴ,きんちょうかん,n24,exact
ピチュー,でんき,,20,40,15,35,35,60,せいでんき,ひらいしん,,n172,exact
ピカチュウ,でんき,,35,55,40,50,50,90,せいでんき,ひらいしん,,n25,exact
おきがえピカチュウ,でんき,,35,55,40,50,50,90,せいでんき,ひらいしん,,n25,species
ハードロック・ピカチュウ,でんき,,35,55,40,50,50,90,せいでんき,ひらいしん,,n25,species
マダム・ピカチュウ,でんき,,35,55,40,50,50,90,せいでんき,ひらいしん,,n25,species
アイドル・ピカチュウ,でんき,,35,55,40,50,50,90,せいでんき,ひらいしん,,n25,species
ドクター・ピカチュウ,でんき,,35,55,40,50,50,90,せいでんき,ひらいしん,,n25,species
マスクド・ピカチュウ,でんき,,35,55,40,50,50,90,せいでんき,ひらいしん,,n25,species
ピカチュウ(オリジナルキャップ),でんき,,35,55,40,50,50,90,せいでんき,ひらいしん,,n25,species
ピカチュウ(ホウエンキャップ),でんき,,35,55,40,50,50,90,せいでんき,ひらいしん,,n25,species
ピカチュウ(シンオウキャップ),でんき,,35,55,40,50,50,90,せいでんき,ひらいしん,,n25,species
ピカチュウ(イッシュキャップ),でんき,,35,55,40,50,50,90,せいでんき,ひらいしん,,n25,species
ピカチュウ(カロスキャップ),でんき,,35,55,40,50,50,90,せいでんき,ひらいしん,,n25,species
ピカチュウ(アローラキャップ),でんき,,35,55,40,50,50,90,せいでんき,ひらいしん,,n25,species
ピカチュウ(キミにきめたキャップ),でんき,,35,55,40,50,50,90,せいでんき,ひらいしん,,n25,species
ピカチュウ(相棒),でんき,,45,80,50,75,60,120,せいでんき,ひらいしん,,n25,species
ピカチュウ(ワールドキャップ),でんき,,35,55,40,50,50,90,せいでんき,ひらいしん,,n25,species
ライチュウ,でんき,,60,90,55,90,80,110,せいでんき,ひらいしん,,n26,exact
ライチュウ(アローラ),でんき,エスパー,60,85,50,95,85,110,サーフテール,,,n26a,exact
サンド,じめん,,50,75,85,20,30,40,すながくれ,すなかき,,n27,exact
サンド(アローラ),こおり,はがね,50,75,90,10,35,40,ゆきがくれ,ゆきかき,,n27a,exact
サンドパン,じめん,,75,100,110,45,55,65,すながくれ,すなかき,,n28,exact
サンドパン(アローラ),こおり,はがね,75,100,120,25,65,65,ゆきがくれ,ゆきかき,,n28a,exact
ニドラン♀,どく,,55,47,52,40,40,41,どくのトゲ,とうそうしん,はりきり,n29,exact
ニドリーナ,どく,,70,62,67,55,55,56,どくのトゲ,とうそうしん,はりきり,n30,exact
ニドクイン,どく,じめん,90,92,87,75,85,76,どくのトゲ,とうそうしん,ちからずく,n31,exact
ニドラン♂,どく,,46,57,40,40,40,50,どくのトゲ,とうそうしん,はりきり,n32,exact
ニドリーノ,どく,,61,72,57,55,55,65,どくのトゲ,とうそうしん,はりきり,n33,exact
ニドキング,どく,じめん,81,102,77,85,75,85,どくのトゲ,とうそうしん,ちからずく,n34,exact
ピィ,フェアリー,,50,25,28,45,55,15,メロメロボディ,マジックガード,フレンドガード,n173,exact
ピッピ,フェアリー,,70,45,48,60,65,35,メロメロボディ,マジックガード,フレンドガード,n35,exact
ピクシー,フェアリー,,95,70,73,95,90,60,メロメロボディ,マジックガード,てんねん,n36,exact
ロコン,ほのお,,38,41,40,50,65,65,もらいび,ひでり,,n37,exact
ロコン(アローラ),こおり,,38,41,40,50,65,65,ゆきがくれ,ゆきふらし,,n37a,exact
キュウコン,ほのお,,73,76,75,81,100,100,もらいび,ひでり,,n38,exact
キュウコン(アローラ),こおり,フェアリー,73,67,75,81,100,109,ゆきがくれ,ゆきふらし,,n38a,exact
ププリン,ノーマル,フェアリー,90,30,15,40,20,15,メロメロボディ,かちき,フレンドガード,n174,exact
プリン,ノーマル,フェアリー,115,45,20,45,25,20,メロメロボディ,かちき,フレンドガード,n39,exact
プクリン,ノーマル,フェアリー,140,70,45,85,50,45,メロメロボディ,かちき,おみとおし,n40,exact
ズバット,どく,ひこう,40,45,35,30,40,55,せいしんりょく,すりぬけ,,n41,exact
ゴルバット,どく,ひこう,75,80,70,65,75,90,せいしんりょく,すりぬけ,,n42,exact
クロバット,どく,ひこう,85,90,80,70,80,130,せいしんりょく,すりぬけ,,n169,exact
ナゾノクサ,くさ,どく,45,50,55,75,65,30,ようりょくそ,にげあし,,n43,exact
クサイハナ,くさ,どく,60,65,70,85,75,40,ようりょくそ,あくしゅう,,n44,exact
ラフレシア,くさ,どく,75,80,85,110,90,50,ようりょくそ,ほうし,,n45,exact
キレイハナ,くさ,,75,80,95,90,100,50,ようりょくそ,いやしのこころ,,n182,exact
パラス,むし,くさ,35,70,55,45,55,25,ほうし,かんそうはだ,しめりけ,n46,exact
パラセクト,むし,くさ,60,95,80,60,80,30,ほうし,かんそうはだ,しめりけ,n47,exact
コンパン,むし,どく,60,55,50,40,55,45,ふくがん,いろめがね,にげあし,n48,exact
モルフォン,むし,どく,70,65,60,90,75,90,りんぷん,いろめがね,ミラクルスキン,n49,exact
ディグダ,じめん,,10,55,25,35,45,95,すながくれ,ありじごく,すなのちから,n50,exact
ディグダ(アローラ),じめん,はがね,10,55,30,35,45,90,すながくれ,カーリーヘアー,すなのちから,n50a,exact
ダグトリオ,じめん,,35,100,50,50,70,120,すながくれ,ありじごく,すなのちから,n51,exact
ダグトリオ(アローラ),じめん,はがね,35,100,60,50,70,110,すながくれ,カーリーヘアー,すなのちから,n51a,exact
ニャース,ノーマル,,40,45,35,40,40,90,ものひろい,テクニシャン,きんちょうかん,n52,exact
ニャース(アローラ),あく,,40,35,35,50,40,90,ものひろい,テクニシャン,びびり,n52a,exact
ニャース(ガラル),はがね,,50,65,55,40,40,40,ものひろい,かたいツメ,きんちょうかん,n52g,exact
ペルシアン,ノーマル,,65,70,60,65,65,115,じゅうなん,テクニシャン,きんちょうかん,n53,exact
ペルシアン(アローラ),あく,,65,60,60,75,65,115,ファーコート,テクニシャン,びびり,n53a,exact
コダック,みず,,50,52,48,65,50,55,しめりけ,ノーてんき,すいすい,n54,exact
ゴルダック,みず,,80,82,78,95,80,85,しめりけ,ノーてんき,すいすい,n55,exact
マンキー,かくとう,,40,80,35,35,45,70,やるき,いかりのつぼ,まけんき,n56,exact
オコリザル,かくとう,,65,105,60,60,70,95,やるき,いかりのつぼ,まけんき,n57,exact
ガーディ,ほのお,,55,70,45,70,50,60,いかく,もらいび,せいぎのこころ,n58,exact
ウインディ,ほのお,,90,110,80,100,80,95,いかく,もらいび,せいぎのこころ,n59,exact
ニョロモ,みず,,40,50,40,40,40,90,ちょすい,しめりけ,すいすい,n60,exact
ニョロゾ,みず,,65,65,65,50,50,90,ちょすい,しめりけ,すいすい,n61,exact
ニョロボン,みず,かくとう,90,95,95,70,90,70,ちょすい,しめりけ,すいすい,n62,exact
ニョロトノ,みず,,90,75,75,90,100,70,ちょすい,しめりけ,あめふらし,n186,exact
ケーシィ,エスパー,,25,20,15,105,55,90,シンクロ,せいしんりょく,マジックガード,n63,exact
ユンゲラー,エスパー,,40,35,30,120,70,105,シンクロ,せいしんりょく,マジックガード,n64,exact
フーディン,エスパー,,55,50,45,135,95,120,シンクロ,せいしんりょく,マジックガード,n65,exact
メガフーディン,エスパー,,55,50,65,175,105,150,トレース,,,n65m,exact
ワンリキー,かくとう,,70,80,50,35,35,35,こんじょう,ノーガード,ふくつのこころ,n66,exact
ゴーリキー,かくとう,,80,100,70,50,60,45,こんじょう,ノーガード,ふくつのこころ,n67,exact
カイリキー,かくとう,,90,130,80,65,85,55,こんじょう,ノーガード,ふくつのこころ,n68,exact
マダツボミ,くさ,どく,50,75,35,70,30,40,ようりょくそ,くいしんぼう,,n69,exact
ウツドン,くさ,どく,65,90,50,85,45,55,ようりょくそ,くいしんぼう,,n70,exact
ウツボット,くさ,どく,80,105,65,100,70,70,ようりょくそ,くいしんぼう,,n71,exact
メノクラゲ,みず,どく,40,40,35,50,100,70,クリアボディ,ヘドロえき,あめうけざら,n72,exact
ドククラゲ,みず,どく,80,70,65,80,120,100,クリアボディ,ヘドロえき,あめうけざら,n73,exact
イシツブテ,いわ,じめん,40,80,100,30,30,20,いしあたま,がんじょう,すながくれ,n74,exact
イシツブテ(アローラ),いわ,でんき,40,80,100,30,30,20,じりょく,がんじょう,エレキスキン,n74a,exact
ゴローン,いわ,じめん,55,95,115,45,45,35,いしあたま,がんじょう,すながくれ,n75,exact
ゴローン(アローラ),いわ,でんき,55,95,115,45,45,35,じりょく,がんじょう,エレキスキン,n75a,exact
ゴローニャ,いわ,じめん,80,120,130,55,65,45,いしあたま,がんじょう,すながくれ,n76,exact
ゴローニャ(アローラ),いわ,でんき,80,120,130,55,65,45,じりょく,がんじょう,エレキスキン,n76a,exact
ポニータ,ほのお,,50,85,55,65,65,90,にげあし,もらいび,ほのおのからだ,n77,exact
ポニータ(ガラル),エスパー,,50,85,55,65,65,90,にげあし,パステルベール,きけんよち,n77g,exact
ギャロップ,ほのお,,65,100,70,80,80,105,にげあし,もらいび,ほのおのからだ,n78,exact
ギャロップ(ガラル),エスパー,フェアリー,65,100,70,80,80,105,にげあし,パステルベール,きけんよち,n78g,exact
ヤドン,みず,エスパー,90,65,65,40,40,15,どんかん,マイペース,さいせいりょく,n79,exact
ヤドン(ガラル),エスパー,,90,65,65,40,40,15,くいしんぼう,マイペース,さいせいりょく,n79g,exact
ヤドラン,みず,エスパー,95,75,110,100,80,30,どんかん,マイペース,さいせいりょく,n80,exact
メガヤドラン,みず,エスパー,95,75,180,130,80,30,シェルアーマー,,,n80m,exact
ヤドラン(ガラル),どく,エスパー,95,100,95,100,70,30,クイックドロウ,マイペース,さいせいりょく,n80g,exact
ヤドキング,みず,エスパー,95,75,80,100,110,30,どんかん,マイペース,さいせいりょく,n199,exact
ヤドキング(ガラル),どく,エスパー,95,65,80,110,110,30,きみょうなくすり,マイペース,さいせいりょく,n199g,exact
コイル,でんき,はがね,25,35,70,95,55,45,じりょく,がんじょう,アナライズ,n81,exact
レアコイル,でんき,はがね,50,60,95,120,70,70,じりょく,がんじょう,アナライズ,n82,exact
ジバコイル,でんき,はがね,70,70,115,130,90,60,じりょく,がんじょう,アナライズ,n462,exact
カモネギ,ノーマル,ひこう,52,90,55,58,62,60,するどいめ,せいしんりょく,まけんき,n83,exact
カモネギ(ガラル),かくとう,,52,95,55,58,62,55,ふくつのこころ,きもったま,,n83g,exact
ドードー,ノーマル,ひこう,35,85,45,35,35,75,にげあし,はやおき,ちどりあし,n84,exact
ドードリオ,ノーマル,ひこう,60,110,70,60,60,110,にげあし,はやおき,ちどりあし,n85,exact
パウワウ,みず,,65,45,55,45,70,45,あついしぼう,うるおいボディ,アイスボディ,n86,exact
ジュゴン,みず,こおり,90,70,80,70,95,70,あついしぼう,うるおいボディ,アイスボディ,n87,exact
ベトベター,どく,,80,80,50,40,50,25,あくしゅう,ねんちゃく,どくしゅ,n88,exact
ベトベター(アローラ),どく,あく,80,80,50,40,50,25,どくしゅ,くいしんぼう,かがくのちから,n88a,exact
ベトベトン,どく,,105,105,75,65,100,50,あくしゅう,ねんちゃく,どくしゅ,n89,exact
ベトベトン(アローラ),どく,あく,105,105,75,65,100,50,どくしゅ,くいしんぼう,かがくのちから,n89a,exact
シェルダー,みず,,30,65,100,45,25,40,シェルアーマー,スキルリンク,ぼうじん,n90,exact
パルシェン,みず,こおり,50,95,180,85,45,70,シェルアーマー,スキルリンク,ぼうじん,n91,exact
ゴース,ゴースト,どく,30,35,30,100,35,80,ふゆう,,,n92,exact
ゴースト,ゴースト,どく,45,50,45,115,55,95,ふゆう,,,n93,exact
ゲンガー,ゴースト,どく,60,65,60,130,75,110,のろわれボディ,,,n94,exact
メガゲンガー,ゴースト,どく,60,65,80,170,95,130,かげふみ,,,n94m,exact
イワーク,いわ,じめん,35,45,160,30,45,70,いしあたま,がんじょう,くだけるよろい,n95,exact
ハガネール,はがね,じめん,75,85,200,55,65,30,いしあたま,がんじょう,ちからずく,n208,exact
メガハガネール,はがね,じめん,75,125,230,55,95,30,すなのちから,,,n208m,exact
スリープ,エスパー,,60,48,45,43,90,42,ふみん,よちむ,せいしんりょく,n96,exact
スリーパー,エスパー,,85,73,70,73,115,67,ふみん,よちむ,せいしんりょく,n97,exact
クラブ,みず,,30,105,90,25,25,50,かいりきバサミ,シェルアーマー,ちからずく,n98,exact
キングラー,みず,,55,130,115,50,50,75,かいりきバサミ,シェルアーマー,ちからずく,n99,exact
ビリリダマ,でんき,,40,30,50,55,55,100,ぼうおん,せいでんき,ゆうばく,n100,exact
マルマイン,でんき,,60,50,70,80,80,150,ぼうおん,せいでんき,ゆうばく,n101,exact
タマタマ,くさ,エスパー,60,40,80,60,45,40,ようりょくそ,しゅうかく,,n102,exact
ナッシー,くさ,エスパー,95,95,85,125,75,55,ようりょくそ,しゅうかく,,n103,exact
ナッシー(アローラ),くさ,ドラゴン,95,105,85,125,75,45,おみとおし,しゅうかく,,n103a,exact
カラカラ,じめん,,50,50,95,40,50,35,いしあたま,ひらいしん,カブトアーマー,n104,exact
ガラガラ,じめん,,60,80,110,50,80,45,いしあたま,ひらいしん,カブトアーマー,n105,exact
ガラガラ(アローラ),ほのお,ゴースト,60,80,110,50,80,45,のろわれボディ,ひらいしん,いしあたま,n105a,exact
ガラガラ(ぬし),ほのお,ゴースト,60,80,110,50,80,45,のろわれボディ,ひらいしん,いしあたま,n105,species
バルキー,かくとう,,35,35,35,35,35,35,こんじょう,ふくつのこころ,やるき,n236,exact
サワムラー,かくとう,,50,120,53,35,110,87,じゅうなん,すてみ,かるわざ,n106,exact
エビワラー,かくとう,,50,105,79,35,110,76,するどいめ,てつのこぶし,せいしんりょく,n107,exact
カポエラー,かくとう,,50,95,95,35,110,70,いかく,テクニシャン,ふくつのこころ,n237,exact
ベロリンガ,ノーマル,,90,55,75,60,75,30,マイペース,どんかん,ノーてんき,n108,exact
ベロベルト,ノーマル,,110,85,95,80,95,50,マイペース,どんかん,ノーてんき,n463,exact
ドガース,どく,,40,65,95,60,45,35,ふゆう,かがくへんかガス,あくしゅう,n109,exact
マタドガス,どく,,65,90,120,85,70,60,ふゆう,かがくへんかガス,あくしゅう,n110,exact
マタドガス(ガラル),どく,フェアリー,65,90,120,85,70,60,ふゆう,かがくへんかガス,ミストメイカー,n110g,exact
サイホーン,じめん,いわ,80,85,95,30,30,25,ひらいしん,いしあたま,すてみ,n111,exact
サイドン,じめん,いわ,105,130,120,45,45,40,ひらいしん,いしあたま,すてみ,n112,exact
ドサイドン,じめん,いわ,115,140,130,55,55,40,ひらいしん,ハードロック,すてみ,n464,exact
ピンプク,ノーマル,,100,5,5,15,65,30,しぜんかいふく,てんのめぐみ,フレンドガード,n440,exact
ラッキー,ノーマル,,250,5,5,35,105,50,しぜんかいふく,てんのめぐみ,いやしのこころ,n113,exact
ハピナス,ノーマル,,255,10,10,75,135,55,しぜんかいふく,てんのめぐみ,いやしのこころ,n242,exact
モンジャラ,くさ,,65,55,115,100,40,60,ようりょくそ,リーフガード,さいせいりょく,n114,exact
モジャンボ,くさ,,100,100,125,110,50,50,ようりょくそ,リーフガード,さいせいりょく,n465,exact
ガルーラ,ノーマル,,105,95,80,40,80,90,はやおき,きもったま,せいしんりょく,n115,exact
メガガルーラ,ノーマル,,105,125,100,60,100,100,おやこあい,,,n115m,exact
タッツー,みず,,30,40,70,70,25,60,すいすい,スナイパー,しめりけ,n116,exact
シードラ,みず,,55,65,95,95,45,85,どくのトゲ,スナイパー,しめりけ,n117,exact
キングドラ,みず,ドラゴン,75,95,95,95,95,85,すいすい,スナイパー,しめりけ,n230,exact
トサキント,みず,,45,67,60,35,50,63,すいすい,みずのベール,ひらいしん,n118,exact
アズマオウ,みず,,80,92,65,65,80,68,すいすい,みずのベール,ひらいしん,n119,exact
ヒトデマン,みず,,30,45,55,70,55,85,はっこう,しぜんかいふく,アナライズ,n120,exact
スターミー,みず,エスパー,60,75,85,100,85,115,はっこう,しぜんかいふく,アナライズ,n121,exact
マネネ,エスパー,フェアリー,20,25,45,70,90,60,ぼうおん,フィルター,テクニシャン,n439,exact
バリヤード,エスパー,フェアリー,40,45,65,100,120,90,ぼうおん,フィルター,テクニシャン,n122,exact
バリヤード(ガラル),こおり,エスパー,50,65,65,90,90,100,やるき,バリアフリー,アイスボディ,n122g,exact
ストライク,むし,ひこう,70,110,80,55,80,105,むしのしらせ,テクニシャン,ふくつのこころ,n123,exact
ハッサム,むし,はがね,70,130,100,55,80,65,むしのしらせ,テクニシャン,ライトメタル,n212,exact
メガハッサム,むし,はがね,70,150,140,65,100,75,テクニシャン,,,n212m,exact
ムチュール,こおり,エスパー,45,30,15,85,65,65,どんかん,よちむ,うるおいボディ,n238,exact
ルージュラ,こおり,エスパー,65,50,35,115,95,95,どんかん,よちむ,かんそうはだ,n124,exact
エレキッド,でんき,,45,63,37,65,55,95,せいでんき,やるき,,n239,exact
エレブー,でんき,,65,83,57,95,85,105,せいでんき,やるき,,n125,exact
エレキブル,でんき,,75,123,67,95,85,95,でんきエンジン,やるき,,n466,exact
ブビィ,ほのお,,45,75,37,70,55,83,ほのおのからだ,やるき,,n240,exact
ブーバー,ほのお,,65,95,57,100,85,93,ほのおのからだ,やるき,,n126,exact
ブーバーン,ほのお,,75,95,67,125,95,83,ほのおのからだ,やるき,,n467,exact
カイロス,むし,,65,125,100,55,70,85,かいりきバサミ,かたやぶり,じしんかじょう,n127,exact
メガカイロス,むし,ひこう,65,155,120,65,90,105,スカイスキン,,,n127m,exact
ケンタロス,ノーマル,,75,100,95,40,70,110,いかく,いかりのつぼ,ちからずく,n128,exact
コイキング,みず,,20,10,55,15,20,80,すいすい,びびり,,n129,exact
ギャラドス,みず,ひこう,95,125,79,60,100,81,いかく,じしんかじょう,,n130,exact
メガギャラドス,みず,あく,95,155,109,70,130,81,かたやぶり,,,n130m,exact
ラプラス,みず,こおり,130,85,80,85,95,60,ちょすい,シェルアーマー,うるおいボディ,n131,exact
メタモン,ノーマル,,48,48,48,48,48,48,じゅうなん,かわりもの,,n132,exact
イーブイ,ノーマル,,55,55,50,45,65,55,にげあし,てきおうりょく,きけんよち,n133,exact
イーブイ(相棒),ノーマル,,65,75,70,65,85,75,にげあし,てきおうりょく,きけんよち,n133,species
シャワーズ,みず,,130,65,60,110,95,65,ちょすい,うるおいボディ,,n134,exact
サンダース,でんき,,65,65,60,110,95,130,ちくでん,はやあし,,n135,exact
ブースター,ほのお,,65,130,60,95,110,65,もらいび,こんじょう,,n136,exact
エーフィ,エスパー,,65,65,60,130,95,110,シンクロ,マジックミラー,,n196,exact
ブラッキー,あく,,95,65,110,60,130,65,シンクロ,せいしんりょく,,n197,exact
リーフィア,くさ,,65,110,130,60,65,95,リーフガード,ようりょくそ,,n470,exact
グレイシア,こおり,,65,60,110,130,95,65,ゆきがくれ,アイスボディ,,n471,exact
ニンフィア,フェアリー,,95,65,65,110,130,60,メロメロボディ,フェアリースキン,,n700,exact
ポリゴン,ノーマル,,65,60,70,85,75,40,トレース,ダウンロード,アナライズ,n137,exact
ポリゴン2,ノーマル,,85,80,90,105,95,60,トレース,ダウンロード,アナライズ,n233,exact
ポリゴンZ,ノーマル,,85,80,70,135,75,90,てきおうりょく,ダウンロード,アナライズ,n474,exact
オムナイト,いわ,みず,35,40,100,90,55,35,すいすい,シェルアーマー,くだけるよろい,n138,exact
オムスター,いわ,みず,70,60,125,115,70,55,すいすい,シェルアーマー,くだけるよろい,n139,exact
カブト,いわ,みず,30,80,90,55,45,55,すいすい,カブトアーマー,くだけるよろい,n140,exact
カブトプス,いわ,みず,60,115,105,65,70,80,すいすい,カブトアーマー,くだけるよろい,n141,exact
プテラ,いわ,ひこう,80,105,65,60,75,130,いしあたま,プレッシャー,きんちょうかん,n142,exact
メガプテラ,いわ,ひこう,80,135,85,70,95,150,かたいツメ,,,n142m,exact
ゴンベ,ノーマル,,135,85,40,40,85,5,ものひろい,あついしぼう,くいしんぼう,n446,exact
カビゴン,ノーマル,,160,110,65,65,110,30,めんえき,あついしぼう,くいしんぼう,n143,exact
フリーザー,こおり,ひこう,90,85,100,95,125,85,プレッシャー,ゆきがくれ,,n144,exact
フリーザー(ガラル),エスパー,ひこう,90,85,85,125,100,95,かちき,,,n144g,exact
サンダー,でんき,ひこう,90,90,85,125,90,100,プレッシャー,せいでんき,,n145,exact
サンダー(ガラル),かくとう,ひこう,90,125,90,85,90,100,まけんき,,,n145g,exact
ファイヤー,ほのお,ひこう,90,100,90,125,85,90,プレッシャー,ほのおのからだ,,n146,exact
ファイヤー(ガラル),あく,ひこう,90,85,90,100,125,90,ぎゃくじょう,,,n146g,exact
ミニリュウ,ドラゴン,,41,64,45,50,50,50,だっぴ,ふしぎなうろこ,,n147,exact
ハクリュー,ドラゴン,,61,84,65,70,70,70,だっぴ,ふしぎなうろこ,,n148,exact
カイリュー,ドラゴン,ひこう,91,134,95,100,100,80,せいしんりょく,マルチスケイル,,n149,exact
ミュウツー,エスパー,,106,110,90,154,90,130,プレッシャー,きんちょうかん,,n150,exact
メガミュウツーX,エスパー,かくとう,106,190,100,154,100,130,ふくつのこころ,,,n150x,exact
メガミュウツーY,エスパー,,106,150,70,194,120,140,ふみん,,,n150y,exact
ミュウ,エスパー,,100,100,100,100,100,100,シンクロ,,,n151,exact
チコリータ,くさ,,45,49,65,49,65,45,しんりょく,リーフガード,,n152,exact
ベイリーフ,くさ,,60,62,80,63,80,60,しんりょく,リーフガード,,n153,exact
メガニウム,くさ,,80,82,100,83,100,80,しんりょく,リーフガード,,n154,exact
ヒノアラシ,ほのお,,39,52,43,60,50,65,もうか,もらいび,,n155,exact
マグマラシ,ほのお,,58,64,58,80,65,80,もうか,もらいび,,n156,exact
バクフーン,ほのお,,78,84,78,109,85,100,もうか,もらいび,,n157,exact
ワニノコ,みず,,50,65,64,44,48,43,げきりゅう,ちからずく,,n158,exact
アリゲイツ,みず,,65,80,80,59,63,58,げきりゅう,ちからずく,,n159,exact
オーダイル,みず,,85,105,100,79,83,78,げきりゅう,ちからずく,,n160,exact
オタチ,ノーマル,,35,46,34,35,45,20,にげあし,するどいめ,おみとおし,n161,exact
オオタチ,ノーマル,,85,76,64,45,55,90,にげあし,するどいめ,おみとおし,n162,exact
ホーホー,ノーマル,ひこう,60,30,30,36,56,50,ふみん,するどいめ,いろめがね,n163,exact
ヨルノズク,ノーマル,ひこう,100,50,50,86,96,70,ふみん,するどいめ,いろめがね,n164,exact
レディバ,むし,ひこう,40,20,30,40,80,55,むしのしらせ,はやおき,びびり,n165,exact
レディアン,むし,ひこう,55,35,50,55,110,85,むしのしらせ,はやおき,てつのこぶし,n166,exact
イトマル,むし,どく,40,60,40,40,40,30,むしのしらせ,ふみん,スナイパー,n167,exact
アリアドス,むし,どく,70,90,70,60,70,40,むしのしらせ,ふみん,スナイパー,n168,exact
チョンチー,みず,でんき,75,38,38,56,56,67,ちくでん,はっこう,ちょすい,n170,exact
ランターン,みず,でんき,125,58,58,76,76,67,ちくでん,はっこう,ちょすい,n171,exact
トゲピー,フェアリー,,35,20,65,40,65,20,はりきり,てんのめぐみ,きょううん,n175,exact
トゲチック,フェアリー,ひこう,55,40,85,80,105,40,はりきり,てんのめぐみ,きょううん,n176,exact
トゲキッス,フェアリー,ひこう,85,50,95,120,115,80,はりきり,てんのめぐみ,きょううん,n468,exact
ネイティ,エスパー,ひこう,40,50,45,70,45,70,シンクロ,はやおき,マジックミラー,n177,exact
ネイティオ,エスパー,ひこう,65,75,70,95,70,95,シンクロ,はやおき,マジックミラー,n178,exact
メリープ,でんき,,55,40,40,65,45,35,せいでんき,プラス,,n179,exact
モココ,でんき,,70,55,55,80,60,45,せいでんき,プラス,,n180,exact
デンリュウ,でんき,,90,75,85,115,90,55,せいでんき,プラス,,n181,exact
メガデンリュウ,でんき,ドラゴン,90,95,105,165,110,45,かたやぶり,,,n181m,exact
ルリリ,ノーマル,フェアリー,50,20,40,20,40,20,あついしぼう,ちからもち,そうしょく,n298,exact
マリル,みず,フェアリー,70,20,50,20,50,40,あついしぼう,ちからもち,そうしょく,n183,exact
マリルリ,みず,フェアリー,100,50,80,60,80,50,あついしぼう,ちからもち,そうしょく,n184,exact
ウソハチ,いわ,,50,80,95,10,45,10,がんじょう,いしあたま,びびり,n438,exact
ウソッキー,いわ,,70,100,115,30,65,30,がんじょう,いしあたま,びびり,n185,exact
ハネッコ,くさ,ひこう,35,35,40,35,55,50,ようりょくそ,リーフガード,すりぬけ,n187,exact
ポポッコ,くさ,ひこう,55,45,50,45,65,80,ようりょくそ,リーフガード,すりぬけ,n188,exact
ワタッコ,くさ,ひこう,75,55,70,55,95,110,ようりょくそ,リーフガード,すりぬけ,n189,exact
エイパム,ノーマル,,55,70,55,40,55,85,にげあし,ものひろい,スキルリンク,n190,exact
エテボース,ノーマル,,75,100,66,60,66,115,テクニシャン,ものひろい,スキルリンク,n424,exact
ヒマナッツ,くさ,,30,30,30,30,30,30,ようりょくそ,サンパワー,はやおき,n191,exact
キマワリ,くさ,,75,75,55,105,85,30,ようりょくそ,サンパワー,はやおき,n192,exact
ヤンヤンマ,むし,ひこう,65,65,45,75,45,95,かそく,ふくがん,おみとおし,n193,exact
メガヤンマ,むし,ひこう,86,76,86,116,56,95,かそく,いろめがね,おみとおし,n469,exact
ウパー,みず,じめん,55,45,45,25,25,15,しめりけ,ちょすい,てんねん,n194,exact
ヌオー,みず,じめん,95,85,85,65,65,35,しめりけ,ちょすい,てんねん,n195,exact
ヤミカラス,あく,ひこう,60,85,42,85,42,91,ふみん,きょううん,いたずらごころ,n198,exact
ドンカラス,あく,ひこう,100,125,52,105,52,71,ふみん,きょううん,じしんかじょう,n430,exact
ムウマ,ゴースト,,60,60,60,85,85,85,ふゆう,,,n200,exact
ムウマージ,ゴースト,,60,60,60,105,105,105,ふゆう,,,n429,exact
アンノーン,エスパー,,48,72,48,72,48,48,ふゆう,,,n201,exact
ソーナノ,エスパー,,95,23,48,23,48,23,かげふみ,テレパシー,,n360,exact
ソーナンス,エスパー,,190,33,58,33,58,33,かげふみ,テレパシー,,n202,exact
キリンリキ,ノーマル,エスパー,70,80,65,90,65,85,せいしんりょく,はやおき,そうしょく,n203,exact
クヌギダマ,むし,,50,65,90,35,35,15,がんじょう,ぼうじん,,n204,exact
フォレトス,むし,はがね,75,90,140,60,60,40,がんじょう,ぼうじん,,n205,exact
ノコッチ,ノーマル,,100,70,70,65,65,45,てんのめぐみ,にげあし,びびり,n206,exact
グライガー,じめん,ひこう,65,75,105,35,65,85,かいりきバサミ,すながくれ,めんえき,n207,exact
グライオン,じめん,ひこう,75,95,125,45,75,95,かいりきバサミ,すながくれ,ポイズンヒール,n472,exact
ブルー,フェアリー,,60,80,50,40,40,30,いかく,にげあし,びびり,n209,exact
グランブル,フェアリー,,90,120,75,60,60,45,いかく,はやあし,びびり,n210,exact
ハリーセン,みず,どく,65,95,85,55,55,85,どくのトゲ,すいすい,いかく,n211,exact
ツボツボ,むし,いわ,20,10,230,10,230,5,がんじょう,くいしんぼう,あまのじゃく,n213,exact
ヘラクロス,むし,かくとう,80,125,75,40,95,85,むしのしらせ,こんじょう,じしんかじょう,n214,exact
メガヘラクロス,むし,かくとう,80,185,115,40,105,75,スキルリンク,,,n214m,exact
ニューラ,あく,こおり,55,95,55,35,75,115,せいしんりょく,するどいめ,わるいてぐせ,n215,exact
マニューラ,あく,こおり,70,120,65,45,85,125,プレッシャー,わるいてぐせ,,n461,exact
ヒメグマ,ノーマル,,60,80,50,50,50,40,ものひろい,はやあし,みつあつめ,n216,exact
リングマ,ノーマル,,90,130,75,75,75,55,こんじょう,はやあし,きんちょうかん,n217,exact
マグマッグ,ほのお,,40,40,40,70,40,20,マグマのよろい,ほのおのからだ,くだけるよろい,n218,exact
マグカルゴ,ほのお,いわ,60,50,120,90,80,30,マグマのよろい,ほのおのからだ,くだけるよろい,n219,exact
ウリムー,こおり,じめん,50,50,40,30,30,50,どんかん,ゆきがくれ,あついしぼう,n220,exact
イノムー,こおり,じめん,100,100,80,60,60,50,どんかん,ゆきがくれ,あついしぼう,n221,exact
マンムー,こおり,じめん,110,130,80,70,60,80,どんかん,ゆきがくれ,あついしぼう,n473,exact
サニーゴ,みず,いわ,65,55,95,65,95,35,はりきり,しぜんかいふく,さいせいりょく,n222,exact
サニーゴ(ガラル),ゴースト,,60,55,100,65,100,30,くだけるよろい,のろわれボディ,,n222g,exact
テッポウオ,みず,,35,65,35,65,35,65,はりきり,スナイパー,ムラっけ,n223,exact
オクタン,みず,,75,105,75,105,75,45,きゅうばん,スナイパー,ムラっけ,n224,exact
デリバード,こおり,ひこう,45,55,45,65,45,75,やるき,はりきり,ふみん,n225,exact
タマンタ,みず,ひこう,45,20,50,60,120,50,すいすい,ちょすい,みずのベール,n458,exact
マンタイン,みず,ひこう,85,40,70,80,140,70,すいすい,ちょすい,みずのベール,n226,exact
エアームド,はがね,ひこう,65,80,140,40,70,70,するどいめ,がんじょう,くだけるよろい,n227,exact
デルビル,あく,ほのお,45,60,30,80,50,65,はやおき,もらいび,きんちょうかん,n228,exact
ヘルガー,あく,ほのお,75,90,50,110,80,95,はやおき,もらいび,きんちょうかん,n229,exact
メガヘルガー,あく,ほのお,75,90,90,140,90,115,サンパワー,,,n229m,exact
ゴマゾウ,じめん,,90,60,60,40,40,40,ものひろい,すながくれ,,n231,exact
ドンファン,じめん,,90,120,120,60,60,50,がんじょう,すながくれ,,n232,exact
オドシシ,ノーマル,,73,95,62,85,65,85,いかく,おみとおし,そうしょく,n234,exact
ドーブル,ノーマル,,55,20,35,20,45,75,マイペース,テクニシャン,ムラっけ,n235,exact
ミルタンク,ノーマル,,95,80,105,40,70,100,あついしぼう,きもったま,そうしょく,n241,exact
ライコウ,でんき,,90,85,75,115,100,115,プレッシャー,せいしんりょく,,n243,exact
エンテイ,ほのお,,115,115,85,90,75,100,プレッシャー,せいしんりょく,,n244,exact
スイクン,みず,,100,75,115,90,115,85,プレッシャー,せいしんりょく,,n245,exact
ヨーギラス,いわ,じめん,50,64,50,45,50,41,こんじょう,すながくれ,,n246,exact
サナギラス,いわ,じめん,70,84,70,65,70,51,だっぴ,,,n247,exact
バンギラス,いわ,あく,100,134,110,95,100,61,すなおこし,きんちょうかん,,n248,exact
メガバンギラス,いわ,あく,100,164,150,95,120,71,すなおこし,,,n248m,exact
ルギア,エスパー,ひこう,106,90,130,90,154,110,プレッシャー,マルチスケイル,,n249,exact
ホウオウ,ほのお,ひこう,106,130,90,110,154,90,プレッシャー,さいせいりょく,,n250,exact
セレビィ,エスパー,くさ,100,100,100,100,100,100,しぜんかいふく,,,n251,exact
キモリ,くさ,,40,45,35,65,55,70,しんりょく,かるわざ,,n252,exact
ジュプトル,くさ,,50,65,45,85,65,95,しんりょく,かるわざ,,n253,exact
ジュカイン,くさ,,70,85,65,105,85,120,しんりょく,かるわざ,,n254,exact
メガジュカイン,くさ,ドラゴン,70,110,75,145,85,145,ひらいしん,,,n254m,exact
アチャモ,ほのお,,45,60,40,70,50,45,もうか,かそく,,n255,exact
ワカシャモ,ほのお,かくとう,60,85,60,85,60,55,もうか,かそく,,n256,exact
バシャーモ,ほのお,かくとう,80,120,70,110,70,80,もうか,かそく,,n257,exact
メガバシャーモ,ほのお,かくとう,80,160,80,130,80,100,かそく,,,n257m,exact
ミズゴロウ,みず,,50,70,50,50,50,40,げきりゅう,しめりけ,,n258,exact
ヌマクロー,みず,じめん,70,85,70,60,70,50,げきりゅう,しめりけ,,n259,exact
ラグラージ,みず,じめん,100,110,90,85,90,60,げきりゅう,しめりけ,,n260,exact
メガラグラージ,みず,じめん,100,150,110,95,110,70,すいすい,,,n260m,exact
ポチエナ,あく,,35,55,35,30,30,35,にげあし,はやあし,びびり,n261,exact
グラエナ,あく,,70,90,70,60,60,70,いかく,はやあし,じしんかじょう,n262,exact
ジグザグマ,ノーマル,,38,30,41,30,41,60,ものひろい,くいしんぼう,はやあし,n263,exact
ジグザグマ(ガラル),あく,ノーマル,38,30,41,30,41,60,ものひろい,くいしんぼう,はやあし,n263g,exact
マッスグマ,ノーマル,,78,70,61,50,61,100,ものひろい,くいしんぼう,はやあし,n264,exact
マッスグマ(ガラル),あく,ノーマル,78,70,61,50,61,100,ものひろい,くいしんぼう,はやあし,n264g,exact
ケムッソ,むし,,45,45,35,20,30,20,りんぷん,にげあし,,n265,exact
カラサリス,むし,,50,35,55,25,25,15,だっぴ,,,n266,exact
アゲハント,むし,ひこう,60,70,50,100,50,65,むしのしらせ,とうそうしん,,n267,exact
マユルド,むし,,50,35,55,25,25,15,だっぴ,,,n268,exact
ドクケイル,むし,どく,60,50,70,50,90,65,りんぷん,ふくがん,,n269,exact
ハスボー,みず,くさ,40,30,30,40,50,30,すいすい,あめうけざら,マイペース,n270,exact
ハスブレロ,みず,くさ,60,50,50,60,70,50,すいすい,あめうけざら,マイペース,n271,exact
ルンパッパ,みず,くさ,80,70,70,90,100,70,すいすい,あめうけざら,マイペース,n272,exact
タネボー,くさ,,40,40,50,30,30,30,ようりょくそ,はやおき,わるいてぐせ,n273,exact
コノハナ,くさ,あく,70,70,40,60,40,60,ようりょくそ,はやおき,わるいてぐせ,n274,exact
ダーテング,くさ,あく,90,100,60,90,60,80,ようりょくそ,かぜのり,わるいてぐせ,n275,exact
スバメ,ノーマル,ひこう,40,55,30,30,30,85,こんじょう,きもったま,,n276,exact
オオスバメ,ノーマル,ひこう,60,85,60,75,50,125,こんじょう,きもったま,,n277,exact
キャモメ,みず,ひこう,40,30,30,55,30,85,するどいめ,うるおいボディ,あめうけざら,n278,exact
ペリッパー,みず,ひこう,60,50,100,95,70,65,するどいめ,あめふらし,あめうけざら,n279,exact
ラルトス,エスパー,フェアリー,28,25,25,45,35,40,シンクロ,トレース,テレパシー,n280,exact
キルリア,エスパー,フェアリー,38,35,35,65,55,50,シンクロ,トレース,テレパシー,n281,exact
サーナイト,エスパー,フェアリー,68,65,65,125,115,80,シンクロ,トレース,テレパシー,n282,exact
メガサーナイト,エスパー,フェアリー,68,85,65,165,135,100,フェアリースキン,,,n282m,exact
エルレイド,エスパー,かくとう,68,125,65,65,115,80,ふくつのこころ,きれあじ,せいぎのこころ,n475,exact
メガエルレイド,エスパー,かくとう,68,165,95,65,115,110,せいしんりょく,,,n475m,exact
アメタマ,むし,みず,40,30,32,50,52,65,すいすい,あめうけざら,,n283,exact
アメモース,むし,ひこう,70,60,62,100,82,80,いかく,きんちょうかん,,n284,exact
キノココ,くさ,,60,40,60,40,60,35,ほうし,ポイズンヒール,はやあし,n285,exact
キノガッサ,くさ,かくとう,60,130,80,60,60,70,ほうし,ポイズンヒール,テクニシャン,n286,exact
ナマケロ,ノーマル,,60,60,60,35,35,30,なまけ,,,n287,exact
ヤルキモノ,ノーマル,,80,80,80,55,55,90,やるき,,,n288,exact
ケッキング,ノーマル,,150,160,100,95,65,100,なまけ,,,n289,exact
ツチニン,むし,じめん,31,45,90,30,30,40,ふくがん,にげあし,,n290,exact
テッカニン,むし,ひこう,61,90,45,50,50,160,かそく,すりぬけ,,n291,exact
ヌケニン,むし,ゴースト,1,90,45,30,30,40,ふしぎなまもり,,,n292,exact
ゴニョニョ,ノーマル,,64,51,23,51,23,28,ぼうおん,びびり,,n293,exact
ドゴーム,ノーマル,,84,71,43,71,43,48,ぼうおん,きもったま,,n294,exact
バクオング,ノーマル,,104,91,63,91,73,68,ぼうおん,きもったま,,n295,exact
マクノシタ,かくとう,,72,60,30,20,30,25,あついしぼう,こんじょう,ちからずく,n296,exact
ハリテヤマ,かくとう,,144,120,60,40,60,50,あついしぼう,こんじょう,ちからずく,n297,exact
ノズパス,いわ,,30,45,135,45,90,30,がんじょう,じりょく,すなのちから,n299,exact
ダイノーズ,いわ,はがね,60,55,145,75,150,40,がんじょう,じりょく,すなのちから,n476,exact
エネコ,ノーマル,,50,45,45,35,35,50,メロメロボディ,ノーマルスキン,ミラクルスキン,n300,exact
エネコロロ,ノーマル,,70,65,65,55,55,90,メロメロボディ,ノーマルスキン,ミラクルスキン,n301,exact
ヤミラミ,あく,ゴースト,50,75,75,65,65,50,するどいめ,あとだし,いたずらごころ,n302,exact
メガヤミラミ,あく,ゴースト,50,85,125,85,115,20,マジックミラー,,,n302m,exact
クチート,はがね,フェアリー,50,85,85,55,55,50,かいりきバサミ,いかく,ちからずく,n303,exact
メガクチート,はがね,フェアリー,50,105,125,55,95,50,ちからもち,,,n303m,exact
ココドラ,はがね,いわ,50,70,100,40,40,30,がんじょう,いしあたま,ヘヴィメタル,n304,exact
コドラ,はがね,いわ,60,90,140,50,50,40,がんじょう,いしあたま,ヘヴィメタル,n305,exact
ボスゴドラ,はがね,いわ,70,110,180,60,60,50,がんじょう,いしあたま,ヘヴィメタル,n306,exact
メガボスゴドラ,はがね,,70,140,230,60,80,50,フィルター,,,n306m,exact
アサナン,かくとう,エスパー,30,40,55,40,55,60,ヨガパワー,テレパシー,,n307,exact
チャーレム,かくとう,エスパー,60,60,75,60,75,80,ヨガパワー,テレパシー,,n308,exact
メガチャーレム,かくとう,エスパー,60,100,85,80,85,100,ヨガパワー,,,n308m,exact
ラクライ,でんき,,40,45,40,65,40,65,せいでんき,ひらいしん,マイナス,n309,exact
ライボルト,でんき,,70,75,60,105,60,105,せいでんき,ひらいしん,マイナス,n310,exact
メガライボルト,でんき,,70,75,80,135,80,135,いかく,,,n310m,exact
プラスル,でんき,,60,50,40,85,75,95,プラス,ひらいしん,,n311,exact
マイナン,でんき,,60,40,50,75,85,95,マイナス,ちくでん,,n312,exact
バルビート,むし,,65,73,75,47,85,85,はっこう,むしのしらせ,いたずらごころ,n313,exact
イルミーゼ,むし,,65,47,75,73,85,85,どんかん,いろめがね,いたずらごころ,n314,exact
スボミー,くさ,どく,40,30,35,50,70,55,しぜんかいふく,どくのトゲ,リーフガード,n406,exact
ロゼリア,くさ,どく,50,60,45,100,80,65,しぜんかいふく,どくのトゲ,リーフガード,n315,exact
ロズレイド,くさ,どく,60,70,65,125,105,90,しぜんかいふく,どくのトゲ,テクニシャン,n407,exact
ゴクリン,どく,,70,43,53,43,53,40,ヘドロえき,ねんちゃく,くいしんぼう,n316,exact
マルノーム,どく,,100,73,83,73,83,55,ヘドロえき,ねんちゃく,くいしんぼう,n317,exact
キバニア,みず,あく,45,90,20,65,20,65,さめはだ,かそく,,n318,exact
サメハダー,みず,あく,70,120,40,95,40,95,さめはだ,かそく,,n319,exact
メガサメハダー,みず,あく,70,140,70,110,65,105,がんじょうあご,,,n319m,exact
ホエルコ,みず,,130,70,35,70,35,60,みずのベール,どんかん,プレッシャー,n320,exact
ホエルオー,みず,,170,90,45,90,45,60,みずのベール,どんかん,プレッシャー,n321,exact
ドンメル,ほのお,じめん,60,60,40,65,45,35,どんかん,たんじゅん,マイペース,n322,exact
バクーダ,ほのお,じめん,70,100,70,105,75,40,マグマのよろい,ハードロック,いかりのつぼ,n323,exact
メガバクーダ,ほのお,じめん,70,120,100,145,105,20,ちからずく,,,n323m,exact
コータス,ほのお,,70,85,140,85,70,20,しろいけむり,ひでり,シェルアーマー,n324,exact
バネブー,エスパー,,60,25,35,70,80,60,あついしぼう,マイペース,くいしんぼう,n325,exact
ブーピッグ,エスパー,,80,45,65,90,110,80,あついしぼう,マイペース,くいしんぼう,n326,exact
パッチール,ノーマル,,60,60,60,60,60,60,マイペース,ちどりあし,あまのじゃく,n327,exact
ナックラー,じめん,,45,100,45,45,45,10,かいりきバサミ,ありじごく,ちからずく,n328,exact
ビブラーバ,じめん,ドラゴン,50,70,50,50,50,70,ふゆう,,,n329,exact
フライゴン,じめん,ドラゴン,80,100,80,80,80,100,ふゆう,,,n330,exact
サボネア,くさ,,50,85,40,85,40,35,すながくれ,ちょすい,,n331,exact
ノクタス,くさ,あく,70,115,60,115,60,55,すながくれ,ちょすい,,n332,exact
チルット,ノーマル,ひこう,45,40,60,40,75,50,しぜんかいふく,ノーてんき,,n333,exact
チルタリス,ドラゴン,ひこう,75,70,90,70,105,80,しぜんかいふく,ノーてんき,,n334,exact
メガチルタリス,ドラゴン,フェアリー,75,110,110,110,105,80,フェアリースキン,,,n334m,exact
ザングース,ノーマル,,73,115,60,60,60,90,めんえき,どくぼうそう,,n335,exact
ハブネーク,どく,,73,100,60,100,60,65,だっぴ,すりぬけ,,n336,exact
ルナトーン,いわ,エスパー,90,55,65,95,85,70,ふゆう,,,n337,exact
ソルロック,いわ,エスパー,90,95,85,55,65,70,ふゆう,,,n338,exact
ドジョッチ,みず,じめん,50,48,43,46,41,60,どんかん,きけんよち,うるおいボディ,n339,exact
ナマズン,みず,じめん,110,78,73,76,71,60,どんかん,きけんよち,うるおいボディ,n340,exact
ヘイガニ,みず,,43,80,65,50,35,35,かいりきバサミ,シェルアーマー,てきおうりょく,n341,exact
シザリガー,みず,あく,63,120,85,90,55,55,かいりきバサミ,シェルアーマー,てきおうりょく,n342,exact
ヤジロン,じめん,エスパー,40,40,55,40,70,55,ふゆう,,,n343,exact
ネンドール,じめん,エスパー,60,70,105,70,120,75,ふゆう,,,n344,exact
リリーラ,いわ,くさ,66,41,77,61,87,23,きゅうばん,よびみず,,n345,exact
ユレイドル,いわ,くさ,86,81,97,81,107,43,きゅうばん,よびみず,,n346,exact
アノプス,いわ,むし,45,95,50,40,50,75,カブトアーマー,すいすい,,n347,exact
アーマルド,いわ,むし,75,125,100,70,80,45,カブトアーマー,すいすい,,n348,exact
ヒンバス,みず,,20,15,20,10,55,80,すいすい,どんかん,てきおうりょく,n349,exact
ミロカロス,みず,,95,60,79,100,125,81,ふしぎなうろこ,かちき,メロメロボディ,n350,exact
ポワルン,ノーマル,,70,70,70,70,70,70,てんきや,,,n351,exact
ポワルン(たいよう),ほのお,,70,70,70,70,70,70,てんきや,,,n351,species
ポワルン(あまみず),みず,,70,70,70,70,70,70,てんきや,,,n351,species
ポワルン(ゆきぐも),こおり,,70,70,70,70,70,70,てんきや,,,n351,species
カクレオン,ノーマル,,60,90,70,60,120,40,へんしょく,へんげんじざい,,n352,exact
カゲボウズ,ゴースト,,44,75,35,63,33,45,ふみん,おみとおし,のろわれボディ,n353,exact
ジュペッタ,ゴースト,,64,115,65,83,63,65,ふみん,おみとおし,のろわれボディ,n354,exact
メガジュペッタ,ゴースト,,64,165,75,93,83,75,いたずらごころ,,,n354m,exact
ヨマワル,ゴースト,,20,40,90,30,90,25,ふゆう,おみとおし,,n355,exact
サマヨール,ゴースト,,40,70,130,60,130,25,プレッシャー,おみとおし,,n356,exact
ヨノワール,ゴースト,,45,100,135,65,135,45,プレッシャー,おみとおし,,n477,exact
トロピウス,くさ,ひこう,99,68,83,72,87,51,ようりょくそ,サンパワー,しゅうかく,n357,exact
リーシャン,エスパー,,45,30,50,65,50,45,ふゆう,,,n433,exact
チリーン,エスパー,,75,50,80,95,90,65,ふゆう,,,n358,exact
アブソル,あく,,65,130,60,75,60,75,プレッシャー,きょううん,せいぎのこころ,n359,exact
メガアブソル,あく,,65,150,60,115,60,115,マジックミラー,,,n359m,exact
ユキワラシ,こおり,,50,50,50,50,50,50,せいしんりょく,アイスボディ,ムラっけ,n361,exact
オニゴーリ,こおり,,80,80,80,80,80,80,せいしんりょく,アイスボディ,ムラっけ,n362,exact
メガオニゴーリ,こおり,,80,120,80,120,80,100,フリーズスキン,,,n362m,exact
ユキメノコ,こおり,ゴースト,70,80,70,80,70,110,ゆきがくれ,のろわれボディ,,n478,exact
タマザラシ,こおり,みず,70,40,50,55,50,25,あついしぼう,アイスボディ,どんかん,n363,exact
トドグラー,こおり,みず,90,60,70,75,70,45,あついしぼう,アイスボディ,どんかん,n364,exact
トドゼルガ,こおり,みず,110,80,90,95,90,65,あついしぼう,アイスボディ,どんかん,n365,exact
パールル,みず,,35,64,85,74,55,32,シェルアーマー,びびり,,n366,exact
ハンテール,みず,,55,104,105,94,75,52,すいすい,みずのベール,,n367,exact
サクラビス,みず,,55,84,105,114,75,52,すいすい,うるおいボディ,,n368,exact
ジーランス,みず,いわ,100,90,130,45,65,55,すいすい,いしあたま,がんじょう,n369,exact
ラブカス,みず,,43,30,55,40,65,97,すいすい,うるおいボディ,,n370,exact
タツベイ,ドラゴン,,45,75,60,40,30,50,いしあたま,ちからずく,,n371,exact
コモルー,ドラゴン,,65,95,100,60,50,50,いしあたま,ぼうじん,,n372,exact
ボーマンダ,ドラゴン,ひこう,95,135,80,110,80,100,いかく,じしんかじょう,,n373,exact
メガボーマンダ,ドラゴン,ひこう,95,145,130,120,90,120,スカイスキン,,,n373m,exact
ダンバル,はがね,エスパー,40,55,80,35,60,30,クリアボディ,ライトメタル,,n374,exact
メタング,はがね,エスパー,60,75,100,55,80,50,クリアボディ,ライトメタル,,n375,exact
メタグロス,はがね,エスパー,80,135,130,95,90,70,クリアボディ,ライトメタル,,n376,exact
メガメタグロス,はがね,エスパー,80,145,150,105,110,110,かたいツメ,,,n376m,exact
レジロック,いわ,,80,100,200,50,100,50,クリアボディ,がんじょう,,n377,exact
レジアイス,こおり,,80,50,100,100,200,50,クリアボディ,アイスボディ,,n378,exact
レジスチル,はがね,,80,75,150,75,150,50,クリアボディ,ライトメタル,,n379,exact
ラティアス,ドラゴン,エスパー,80,80,90,110,130,110,ふゆう,,,n380,exact
メガラティアス,ドラゴン,エスパー,80,100,120,140,150,110,ふゆう,,,n380m,exact
ラティオス,ドラゴン,エスパー,80,90,80,130,110,110,ふゆう,,,n381,exact
メガラティオス,ドラゴン,エスパー,80,130,100,160,120,110,ふゆう,,,n381m,exact
カイオーガ,みず,,100,100,90,150,140,90,あめふらし,,,n382,exact
ゲンシカイオーガ,みず,,100,150,90,180,160,90,はじまりのうみ,,,n382p,exact
グラードン,じめん,,100,150,140,100,90,90,ひでり,,,n383,exact
ゲンシグラードン,じめん,ほのお,100,180,160,150,90,90,おわりのだいち,,,n383p,exact
レックウザ,ドラゴン,ひこう,105,150,90,150,90,95,エアロック,,,n384,exact
メガレックウザ,ドラゴン,ひこう,105,180,100,180,100,115,デルタストリーム,,,n384m,exact
ジラーチ,はがね,エスパー,100,100,100,100,100,100,てんのめぐみ,,,n385,exact
デオキシス,エスパー,,50,150,50,150,50,150,プレッシャー,,,n386,exact
デオキシス(アタック),エスパー,,50,180,20,180,20,150,プレッシャー,,,n386a,exact
デオキシス(ディフェンス),エスパー,,50,70,160,70,160,90,プレッシャー,,,n386d,exact
デオキシス(スピード),エスパー,,50,95,90,95,90,180,プレッシャー,,,n386s,exact
ナエトル,くさ,,55,68,64,45,55,31,しんりょく,シェルアーマー,,n387,exact
ハヤシガメ,くさ,,75,89,85,55,65,36,しんりょく,シェルアーマー,,n388,exact
ドダイトス,くさ,じめん,95,109,105,75,85,56,しんりょく,シェルアーマー,,n389,exact
ヒコザル,ほのお,,44,58,44,58,44,61,もうか,てつのこぶし,,n390,exact
モウカザル,ほのお,かくとう,64,78,52,78,52,81,もうか,てつのこぶし,,n391,exact
ゴウカザル,ほのお,かくとう,76,104,71,104,71,108,もうか,てつのこぶし,,n392,exact
ポッチャマ,みず,,53,51,53,61,56,40,げきりゅう,かちき,,n393,exact
ポッタイシ,みず,,64,66,68,81,76,50,げきりゅう,かちき,,n394,exact
エンペルト,みず,はがね,84,86,88,111,101,60,げきりゅう,かちき,,n395,exact
ムックル,ノーマル,ひこう,40,55,30,30,30,60,するどいめ,すてみ,,n396,exact
ムクバード,ノーマル,ひこう,55,75,50,40,40,80,いかく,すてみ,,n397,exact
ムクホーク,ノーマル,ひこう,85,120,70,50,60,100,いかく,すてみ,,n398,exact
ビッパ,ノーマル,,59,45,40,35,40,31,たんじゅん,てんねん,ムラっけ,n399,exact
ビーダル,ノーマル,みず,79,85,60,55,60,71,たんじゅん,てんねん,ムラっけ,n400,exact
コロボーシ,むし,,37,25,41,25,41,25,だっぴ,にげあし,,n401,exact
コロトック,むし,,77,85,51,55,51,65,むしのしらせ,テクニシャン,,n402,exact
コリンク,でんき,,45,65,34,40,34,45,とうそうしん,いかく,こんじょう,n403,exact
ルクシオ,でんき,,60,85,49,60,49,60,とうそうしん,いかく,こんじょう,n404,exact
レントラー,でんき,,80,120,79,95,79,70,とうそうしん,いかく,こんじょう,n405,exact
ズガイドス,いわ,,67,125,40,30,30,58,かたやぶり,ちからずく,,n408,exact
ラムパルド,いわ,,97,165,60,65,50,58,かたやぶり,ちからずく,,n409,exact
タテトプス,いわ,はがね,30,42,118,42,88,30,がんじょう,ぼうおん,,n410,exact
トリデプス,いわ,はがね,60,52,168,47,138,30,がんじょう,ぼうおん,,n411,exact
ミノムッチ,むし,,40,29,45,29,45,36,だっぴ,ぼうじん,,n412,exact
ミノマダム,むし,くさ,60,59,85,79,105,36,きけんよち,ぼうじん,,n413,exact
ミノマダム(すなちのミノ),むし,じめん,60,79,105,59,85,36,きけんよち,ぼうじん,,n413s,exact
ミノマダム(ゴミのミノ),むし,はがね,60,69,95,69,95,36,きけんよち,ぼうじん,,n413d,exact
ガーメイル,むし,ひこう,70,94,50,94,50,66,むしのしらせ,いろめがね,,n414,exact
ミツハニー,むし,ひこう,30,30,42,30,42,70,みつあつめ,はりきり,,n415,exact
ビークイン,むし,ひこう,70,80,102,80,102,40,プレッシャー,きんちょうかん,,n416,exact
パチリス,でんき,,60,45,70,45,90,95,にげあし,ものひろい,ちくでん,n417,exact
ブイゼル,みず,,55,65,35,60,30,85,すいすい,みずのベール,,n418,exact
フローゼル,みず,,85,105,55,85,50,115,すいすい,みずのベール,,n419,exact
チェリンボ,くさ,,45,35,45,62,53,35,ようりょくそ,,,n420,exact
チェリム,くさ,,70,60,70,87,78,85,フラワーギフト,,,n421,exact
カラナクシ,みず,,76,48,48,57,62,34,ねんちゃく,よびみず,すなのちから,n422,exact
トリトドン,みず,じめん,111,83,68,92,82,39,ねんちゃく,よびみず,すなのちから,n423,exact
フワンテ,ゴースト,ひこう,90,50,34,60,44,70,ゆうばく,かるわざ,ねつぼうそう,n425,exact
フワライド,ゴースト,ひこう,150,80,44,90,54,80,ゆうばく,かるわざ,ねつぼうそう,n426,exact
ミミロル,ノーマル,,55,66,44,44,56,85,にげあし,ぶきよう,じゅうなん,n427,exact
ミミロップ,ノーマル,,65,76,84,54,96,105,メロメロボディ,ぶきよう,じゅうなん,n428,exact
メガミミロップ,ノーマル,かくとう,65,136,94,54,96,135,きもったま,,,n428m,exact
ニャルマー,ノーマル,,49,55,42,42,37,85,じゅうなん,マイペース,するどいめ,n431,exact
ブニャット,ノーマル,,71,82,64,64,59,112,あついしぼう,マイペース,まけんき,n432,exact
スカンプー,どく,あく,63,63,47,41,41,74,あくしゅう,ゆうばく,するどいめ,n434,exact
スカタンク,どく,あく,103,93,67,71,61,84,あくしゅう,ゆうばく,するどいめ,n435,exact
ドーミラー,はがね,エスパー,57,24,86,24,86,23,ふゆう,たいねつ,ヘヴィメタル,n436,exact
ドータクン,はがね,エスパー,67,89,116,79,116,33,ふゆう,たいねつ,ヘヴィメタル,n437,exact
ペラップ,ノーマル,ひこう,76,65,45,92,42,91,するどいめ,ちどりあし,はとむね,n441,exact
ミカルゲ,ゴースト,あく,50,92,108,92,108,35,プレッシャー,すりぬけ,,n442,exact
フカマル,ドラゴン,じめん,58,70,45,40,45,42,すながくれ,さめはだ,,n443,exact
ガバイト,ドラゴン,じめん,68,90,65,50,55,82,すながくれ,さめはだ,,n444,exact
ガブリアス,ドラゴン,じめん,108,130,95,80,85,102,すながくれ,さめはだ,,n445,exact
メガガブリアス,ドラゴン,じめん,108,170,115,120,95,92,すなのちから,,,n445m,exact
リオル,かくとう,,40,70,40,35,40,60,ふくつのこころ,せいしんりょく,いたずらごころ,n447,exact
ルカリオ,かくとう,はがね,70,110,70,115,70,90,ふくつのこころ,せいしんりょく,せいぎのこころ,n448,exact
メガルカリオ,かくとう,はがね,70,145,88,140,70,112,てきおうりょく,,,n448m,exact
ヒポポタス,じめん,,68,72,78,38,42,32,すなおこし,すなのちから,,n449,exact
カバルドン,じめん,,108,112,118,68,72,47,すなおこし,すなのちから,,n450,exact
スコルピ,どく,むし,40,50,90,30,55,65,カブトアーマー,スナイパー,するどいめ,n451,exact
ドラピオン,どく,あく,70,90,110,60,75,95,カブトアーマー,スナイパー,するどいめ,n452,exact
グレッグル,どく,かくとう,48,61,40,61,40,50,きけんよち,かんそうはだ,どくしゅ,n453,exact
ドクロッグ,どく,かくとう,83,106,65,86,65,85,きけんよち,かんそうはだ,どくしゅ,n454,exact
マスキッパ,くさ,,74,100,72,90,72,46,ふゆう,,,n455,exact
ケイコウオ,みず,,49,49,56,49,61,66,すいすい,よびみず,みずのベール,n456,exact
ネオラント,みず,,69,69,76,69,86,91,すいすい,よびみず,みずのベール,n457,exact
ユキカブリ,くさ,こおり,60,62,50,62,60,40,ゆきふらし,ぼうおん,,n459,exact
ユキノオー,くさ,こおり,90,92,75,92,85,60,ゆきふらし,ぼうおん,,n460,exact
メガユキノオー,くさ,こおり,90,132,105,132,105,30,ゆきふらし,,,n460m,exact
ロトム,でんき,ゴースト,50,50,77,95,77,91,ふゆう,,,n479,exact
ヒートロトム,でんき,ほのお,50,65,107,105,107,86,ふゆう,,,n479h,exact
ウォッシュロトム,でんき,みず,50,65,107,105,107,86,ふゆう,,,n479w,exact
フロストロトム,でんき,こおり,50,65,107,105,107,86,ふゆう,,,n479f,exact
スピンロトム,でんき,ひこう,50,65,107,105,107,86,ふゆう,,,n479s,exact
カットロトム,でんき,くさ,50,65,107,105,107,86,ふゆう,,,n479c,exact
ユクシー,エスパー,,75,75,130,75,130,95,ふゆう,,,n480,exact
エムリット,エスパー,,80,105,105,105,105,80,ふゆう,,,n481,exact
アグノム,エスパー,,75,125,70,125,70,115,ふゆう,,,n482,exact
ディアルガ,はがね,ドラゴン,100,120,120,150,100,90,プレッシャー,テレパシー,,n483,exact
パルキア,みず,ドラゴン,90,120,100,150,120,100,プレッシャー,テレパシー,,n484,exact
ヒードラン,ほのお,はがね,91,90,106,130,106,77,もらいび,ほのおのからだ,,n485,exact
レジギガス,ノーマル,,110,160,110,80,110,100,スロースタート,,,n486,exact
ギラティナ,ゴースト,ドラゴン,150,100,120,100,120,90,プレッシャー,テレパシー,,n487,exact
ギラティナ(オリジン),ゴースト,ドラゴン,150,120,100,120,100,90,ふゆう,,,n487o,exact
クレセリア,エスパー,,120,70,110,75,120,85,ふゆう,,,n488,exact
フィオネ,みず,,80,80,80,80,80,80,うるおいボディ,,,n489,exact
マナフィ,みず,,100,100,100,100,100,100,うるおいボディ,,,n490,exact
ダークライ,あく,,70,90,90,135,90,125,ナイトメア,,,n491,exact
シェイミ,くさ,,100,100,100,100,100,100,しぜんかいふく,,,n492,exact
シェイミ(スカイ),くさ,ひこう,100,103,75,120,75,127,てんのめぐみ,,,n492s,exact
アルセウス,ノーマル,,120,120,120,120,120,120,マルチタイプ,,,n493,exact
ビクティニ,エスパー,ほのお,100,100,100,100,100,100,しょうりのほし,,,n494,exact
ツタージャ,くさ,,45,45,55,45,55,63,しんりょく,あまのじゃく,,n495,exact
ジャノビー,くさ,,60,60,75,60,75,83,しんりょく,あまのじゃく,,n496,exact
ジャローダ,くさ,,75,75,95,75,95,113,しんりょく,あまのじゃく,,n497,exact
ポカブ,ほのお,,65,63,45,45,45,45,もうか,あついしぼう,,n498,exact
チャオブー,ほのお,かくとう,90,93,55,70,55,55,もうか,あついしぼう,,n499,exact
エンブオー,ほのお,かくとう,110,123,65,100,65,65,もうか,すてみ,,n500,exact
ミジュマル,みず,,55,55,45,63,45,45,げきりゅう,シェルアーマー,,n501,exact
フタチマル,みず,,75,75,60,83,60,60,げきりゅう,シェルアーマー,,n502,exact
ダイケンキ,みず,,95,100,85,108,70,70,げきりゅう,シェルアーマー,,n503,exact
ミネズミ,ノーマル,,45,55,39,35,39,42,にげあし,するどいめ,アナライズ,n504,exact
ミルホッグ,ノーマル,,60,85,69,60,69,77,はっこう,するどいめ,アナライズ,n505,exact
ヨーテリー,ノーマル,,45,60,45,25,45,55,やるき,ものひろい,にげあし,n506,exact
ハーデリア,ノーマル,,65,80,65,35,65,60,いかく,すなかき,きもったま,n507,exact
ムーランド,ノーマル,,85,110,90,45,90,80,いかく,すなかき,きもったま,n508,exact
チョロネコ,あく,,41,50,37,50,37,66,じゅうなん,かるわざ,いたずらごころ,n509,exact
レパルダス,あく,,64,88,50,88,50,106,じゅうなん,かるわざ,いたずらごころ,n510,exact
ヤナップ,くさ,,50,53,48,53,48,64,くいしんぼう,しんりょく,,n511,exact
ヤナッキー,くさ,,75,98,63,98,63,101,くいしんぼう,しんりょく,,n512,exact
バオップ,ほのお,,50,53,48,53,48,64,くいしんぼう,もうか,,n513,exact
バオッキー,ほのお,,75,98,63,98,63,101,くいしんぼう,もうか,,n514,exact
ヒヤップ,みず,,50,53,48,53,48,64,くいしんぼう,げきりゅう,,n515,exact
ヒヤッキー,みず,,75,98,63,98,63,101,くいしんぼう,げきりゅう,,n516,exact
ムンナ,エスパー,,76,25,45,67,55,24,よちむ,シンクロ,テレパシー,n517,exact
ムシャーナ,エスパー,,116,55,85,107,95,29,よちむ,シンクロ,テレパシー,n518,exact
マメパト,ノーマル,ひこう,50,55,50,36,30,43,はとむね,きょううん,とうそうしん,n519,exact
ハトーボー,ノーマル,ひこう,62,77,62,50,42,65,はとむね,きょううん,とうそうしん,n520,exact
ケンホロウ,ノーマル,ひこう,80,115,80,65,55,93,はとむね,きょううん,とうそうしん,n521,exact
シママ,でんき,,45,60,32,50,32,76,ひらいしん,でんきエンジン,そうしょく,n522,exact
ゼブライカ,でんき,,75,100,63,80,63,116,ひらいしん,でんきエンジン,そうしょく,n523,exact
ダンゴロ,いわ,,55,75,85,25,25,15,がんじょう,くだけるよろい,すなのちから,n524,exact
ガントル,いわ,,70,105,105,50,40,20,がんじょう,くだけるよろい,すなのちから,n525,exact
ギガイアス,いわ,,85,135,130,60,80,25,がんじょう,すなおこし,すなのちから,n526,exact
コロモリ,エスパー,ひこう,65,45,43,55,43,72,てんねん,ぶきよう,たんじゅん,n527,exact
ココロモリ,エスパー,ひこう,67,57,55,77,55,114,てんねん,ぶきよう,たんじゅん,n528,exact
モグリュー,じめん,,60,85,40,30,45,68,すなかき,すなのちから,かたやぶり,n529,exact
ドリュウズ,じめん,はがね,110,135,60,50,65,88,すなかき,すなのちから,かたやぶり,n530,exact
タブンネ,ノーマル,,103,60,86,60,86,50,いやしのこころ,さいせいりょく,ぶきよう,n531,exact
メガタブンネ,ノーマル,フェアリー,103,60,126,80,126,50,いやしのこころ,,,n531m,exact
ドッコラー,かくとう,,75,80,55,25,35,35,こんじょう,ちからずく,てつのこぶし,n532,exact
ドテッコツ,かくとう,,85,105,85,40,50,40,こんじょう,ちからずく,てつのこぶし,n533,exact
ローブシン,かくとう,,105,140,95,55,65,45,こんじょう,ちからずく,てつのこぶし,n534,exact
オタマロ,みず,,50,50,40,50,40,64,すいすい,うるおいボディ,ちょすい,n535,exact
ガマガル,みず,じめん,75,65,55,65,55,69,すいすい,うるおいボディ,ちょすい,n536,exact
ガマゲロゲ,みず,じめん,105,95,75,85,75,74,すいすい,どくしゅ,ちょすい,n537,exact
ナゲキ,かくとう,,120,100,85,30,85,45,こんじょう,せいしんりょく,かたやぶり,n538,exact
ダゲキ,かくとう,,75,125,75,30,75,85,がんじょう,せいしんりょく,かたやぶり,n539,exact
クルミル,むし,くさ,45,53,70,40,60,42,むしのしらせ,ようりょくそ,ぼうじん,n540,exact
クルマユ,むし,くさ,55,63,90,50,80,42,リーフガード,ようりょくそ,ぼうじん,n541,exact
ハハコモリ,むし,くさ,75,103,80,70,80,92,むしのしらせ,ようりょくそ,ぼうじん,n542,exact
フシデ,むし,どく,30,45,59,30,39,57,どくのトゲ,むしのしらせ,かそく,n543,exact
ホイーガ,むし,どく,40,55,99,40,79,47,どくのトゲ,むしのしらせ,かそく,n544,exact
ペンドラー,むし,どく,60,100,89,55,69,112,どくのトゲ,むしのしらせ,かそく,n545,exact
モンメン,くさ,フェアリー,40,27,60,37,50,66,いたずらごころ,すりぬけ,ようりょくそ,n546,exact
エルフーン,くさ,フェアリー,60,67,85,77,75,116,いたずらごころ,すりぬけ,ようりょくそ,n547,exact
チュリネ,くさ,,45,35,50,70,50,30,ようりょくそ,マイペース,リーフガード,n548,exact
ドレディア,くさ,,70,60,75,110,75,90,ようりょくそ,マイペース,リーフガード,n549,exact
バスラオ,みず,,70,92,65,80,55,98,すてみ,てきおうりょく,かたやぶり,n550,exact
バスラオ(あおすじ),みず,,70,92,65,80,55,98,いしあたま,てきおうりょく,かたやぶり,n550f,exact
メグロコ,じめん,あく,50,72,35,35,35,65,いかく,じしんかじょう,いかりのつぼ,n551,exact
ワルビル,じめん,あく,60,82,45,45,45,74,いかく,じしんかじょう,いかりのつぼ,n552,exact
ワルビアル,じめん,あく,95,117,80,65,70,92,いかく,じしんかじょう,いかりのつぼ,n553,exact
ダルマッカ,ほのお,,70,90,45,15,45,50,はりきり,せいしんりょく,,n554,exact
ダルマッカ(ガラル),こおり,,70,90,45,15,45,50,はりきり,せいしんりょく,,n554g,exact
ヒヒダルマ,ほのお,,105,140,55,30,55,95,ちからずく,ダルマモード,,n555,exact
ヒヒダルマ(ダルマ),ほのお,エスパー,105,30,105,140,105,55,ちからずく,ダルマモード,,n555f,exact
ヒヒダルマ(ガラル),こおり,,105,140,55,30,55,95,ごりむちゅう,ダルマモード,,n555g,exact
ヒヒダルマ(ガラル・ダルマ),こおり,ほのお,105,160,55,30,55,135,ごりむちゅう,ダルマモード,,n555h,exact
マラカッチ,くさ,,75,86,67,106,67,60,ちょすい,ようりょくそ,よびみず,n556,exact
イシズマイ,むし,いわ,50,65,85,35,35,55,がんじょう,シェルアーマー,くだけるよろい,n557,exact
イワパレス,むし,いわ,70,105,125,65,75,45,がんじょう,シェルアーマー,くだけるよろい,n558,exact
ズルッグ,あく,かくとう,50,75,70,35,70,48,だっぴ,じしんかじょう,いかく,n559,exact
ズルズキン,あく,かくとう,65,90,115,45,115,58,だっぴ,じしんかじょう,いかく,n560,exact
シンボラー,エスパー,ひこう,72,58,80,103,80,97,ミラクルスキン,マジックガード,いろめがね,n561,exact
デスマス,ゴースト,,38,30,85,55,65,30,ミイラ,,,n562,exact
デスマス(ガラル),じめん,ゴースト,38,55,85,30,65,30,さまようたましい,,,n562g,exact
デスカーン,ゴースト,,58,50,145,95,105,30,ミイラ,,,n563,exact
プロトーガ,みず,いわ,54,78,103,53,45,22,ハードロック,がんじょう,すいすい,n564,exact
アバゴーラ,みず,いわ,74,108,133,83,65,32,ハードロック,がんじょう,すいすい,n565,exact
アーケン,いわ,ひこう,55,112,45,74,45,70,よわき,,,n566,exact
アーケオス,いわ,ひこう,75,140,65,112,65,110,よわき,,,n567,exact
ヤブクロン,どく,,50,50,62,40,62,65,あくしゅう,ねんちゃく,ゆうばく,n568,exact
ダストダス,どく,,80,95,82,60,82,75,あくしゅう,くだけるよろい,ゆうばく,n569,exact
ゾロア,あく,,40,65,40,80,40,65,イリュージョン,,,n570,exact
ゾロアーク,あく,,60,105,60,120,60,105,イリュージョン,,,n571,exact
チラーミィ,ノーマル,,55,50,40,40,40,75,メロメロボディ,テクニシャン,スキルリンク,n572,exact
チラチーノ,ノーマル,,75,95,60,65,60,115,メロメロボディ,テクニシャン,スキルリンク,n573,exact
ゴチム,エスパー,,45,30,50,55,65,45,おみとおし,かちき,かげふみ,n574,exact
ゴチミル,エスパー,,60,45,70,75,85,55,おみとおし,かちき,かげふみ,n575,exact
ゴチルゼル,エスパー,,70,55,95,95,110,65,おみとおし,かちき,かげふみ,n576,exact
ユニラン,エスパー,,45,30,40,105,50,20,ぼうじん,マジックガード,さいせいりょく,n577,exact
ダブラン,エスパー,,65,40,50,125,60,30,ぼうじん,マジックガード,さいせいりょく,n578,exact
ランクルス,エスパー,,110,65,75,125,85,30,ぼうじん,マジックガード,さいせいりょく,n579,exact
コアルヒー,みず,ひこう,62,44,50,44,50,55,するどいめ,はとむね,うるおいボディ,n580,exact
スワンナ,みず,ひこう,75,87,63,87,63,98,するどいめ,はとむね,うるおいボディ,n581,exact
バニプッチ,こおり,,36,50,50,65,60,44,アイスボディ,ゆきがくれ,くだけるよろい,n582,exact
バニリッチ,こおり,,51,65,65,80,75,59,アイスボディ,ゆきがくれ,くだけるよろい,n583,exact
バイバニラ,こおり,,71,95,85,110,95,79,アイスボディ,ゆきふらし,くだけるよろい,n584,exact
シキジカ,ノーマル,くさ,60,60,50,40,50,75,ようりょくそ,そうしょく,てんのめぐみ,n585,exact
メブキジカ,ノーマル,くさ,80,100,70,60,70,95,ようりょくそ,そうしょく,てんのめぐみ,n586,exact
エモンガ,でんき,ひこう,55,75,60,75,60,103,せいでんき,でんきエンジン,,n587,exact
カブルモ,むし,,50,75,45,40,45,60,むしのしらせ,だっぴ,ノーガード,n588,exact
シュバルゴ,むし,はがね,70,135,105,60,105,20,むしのしらせ,シェルアーマー,ぼうじん,n589,exact
タマゲタケ,くさ,どく,69,55,45,55,55,15,ほうし,さいせいりょく,,n590,exact
モロバレル,くさ,どく,114,85,70,85,80,30,ほうし,さいせいりょく,,n591,exact
プルリル,みず,ゴースト,55,40,50,65,85,40,ちょすい,のろわれボディ,しめりけ,n592,exact
ブルンゲル,みず,ゴースト,100,60,70,85,105,60,ちょすい,のろわれボディ,しめりけ,n593,exact
ママンボウ,みず,,165,75,80,40,45,65,いやしのこころ,うるおいボディ,さいせいりょく,n594,exact
バチュル,むし,でんき,50,47,50,57,50,65,ふくがん,きんちょうかん,むしのしらせ,n595,exact
デンチュラ,むし,でんき,70,77,60,97,60,108,ふくがん,きんちょうかん,むしのしらせ,n596,exact
テッシード,くさ,はがね,44,50,91,24,86,10,てつのトゲ,,,n597,exact
ナットレイ,くさ,はがね,74,94,131,54,116,20,てつのトゲ,きけんよち,,n598,exact
ギアル,はがね,,40,55,70,45,60,30,プラス,マイナス,クリアボディ,n599,exact
ギギアル,はがね,,60,80,95,70,85,50,プラス,マイナス,クリアボディ,n600,exact
ギギギアル,はがね,,60,100,115,70,85,90,プラス,マイナス,クリアボディ,n601,exact
シビシラス,でんき,,35,55,40,45,40,60,ふゆう,,,n602,exact
シビビール,でんき,,65,85,70,75,70,40,ふゆう,,,n603,exact
シビルドン,でんき,,85,115,80,105,80,50,ふゆう,,,n604,exact
リグレー,エスパー,,55,55,55,85,55,30,テレパシー,シンクロ,アナライズ,n605,exact
オーベム,エスパー,,75,75,75,125,95,40,テレパシー,シンクロ,アナライズ,n606,exact
ヒトモシ,ゴースト,ほのお,50,30,55,65,55,20,もらいび,ほのおのからだ,すりぬけ,n607,exact
ランプラー,ゴースト,ほのお,60,40,60,95,60,55,もらいび,ほのおのからだ,すりぬけ,n608,exact
シャンデラ,ゴースト,ほのお,60,55,90,145,90,80,もらいび,ほのおのからだ,すりぬけ,n609,exact
キバゴ,ドラゴン,,46,87,60,30,40,57,とうそうしん,かたやぶり,きんちょうかん,n610,exact
オノンド,ドラゴン,,66,117,70,40,50,67,とうそうしん,かたやぶり,きんちょうかん,n611,exact
オノノクス,ドラゴン,,76,147,90,60,70,97,とうそうしん,かたやぶり,きんちょうかん,n612,exact
クマシュン,こおり,,55,70,40,60,40,40,ゆきがくれ,ゆきかき,びびり,n613,exact
ツンベアー,こおり,,95,130,80,70,80,50,ゆきがくれ,ゆきかき,すいすい,n614,exact
フリージオ,こおり,,80,50,50,95,135,105,ふゆう,,,n615,exact
チョボマキ,むし,,50,40,85,40,65,25,うるおいボディ,シェルアーマー,ぼうじん,n616,exact
アギルダー,むし,,80,70,40,100,60,145,うるおいボディ,ねんちゃく,かるわざ,n617,exact
マッギョ,じめん,でんき,109,66,84,81,99,32,せいでんき,じゅうなん,すながくれ,n618,exact
マッギョ(ガラル),じめん,はがね,109,81,99,66,84,32,ぎたい,,,n618g,exact
コジョフー,かくとう,,45,85,50,55,50,65,せいしんりょく,さいせいりょく,すてみ,n619,exact
コジョンド,かくとう,,65,125,60,95,60,105,せいしんりょく,さいせいりょく,すてみ,n620,exact
クリムガン,ドラゴン,,77,120,90,60,90,48,さめはだ,ちからずく,かたやぶり,n621,exact
ゴビット,じめん,ゴースト,59,74,50,35,50,35,てつのこぶし,ぶきよう,ノーガード,n622,exact
ゴルーグ,じめん,ゴースト,89,124,80,55,80,55,てつのこぶし,ぶきよう,ノーガード,n623,exact
コマタナ,あく,はがね,45,85,70,40,40,60,まけんき,せいしんりょく,プレッシャー,n624,exact
キリキザン,あく,はがね,65,125,100,60,70,70,まけんき,せいしんりょく,プレッシャー,n625,exact
バッフロン,ノーマル,,95,110,95,40,95,55,すてみ,そうしょく,ぼうおん,n626,exact
ワシボン,ノーマル,ひこう,70,83,50,37,50,60,するどいめ,ちからずく,はりきり,n627,exact
ウォーグル,ノーマル,ひこう,100,123,75,57,75,80,するどいめ,ちからずく,まけんき,n628,exact
バルチャイ,あく,ひこう,70,55,75,45,65,60,はとむね,ぼうじん,くだけるよろい,n629,exact
バルジーナ,あく,ひこう,110,65,105,55,95,80,はとむね,ぼうじん,くだけるよろい,n630,exact
クイタラン,ほのお,,85,97,66,105,66,65,くいしんぼう,もらいび,しろいけむり,n631,exact
アイアント,むし,はがね,58,109,112,48,48,109,むしのしらせ,はりきり,なまけ,n632,exact
モノズ,あく,ドラゴン,52,65,50,45,50,38,はりきり,,,n633,exact
ジヘッド,あく,ドラゴン,72,85,70,65,70,58,はりきり,,,n634,exact
サザンドラ,あく,ドラゴン,92,105,90,125,90,98,ふゆう,,,n635,exact
メラルバ,むし,ほのお,55,85,55,50,55,60,ほのおのからだ,むしのしらせ,,n636,exact
ウルガモス,むし,ほのお,85,60,65,135,105,100,ほのおのからだ,むしのしらせ,,n637,exact
コバルオン,はがね,かくとう,91,90,129,90,72,108,せいぎのこころ,,,n638,exact
テラキオン,いわ,かくとう,91,129,90,72,90,108,せいぎのこころ,,,n639,exact
ビリジオン,くさ,かくとう,91,90,72,90,129,108,せいぎのこころ,,,n640,exact
トルネロス,ひこう,,79,115,70,125,80,111,いたずらごころ,まけんき,,n641,exact
トルネロス(れいじゅう),ひこう,,79,100,80,110,90,121,さいせいりょく,,,n641a,exact
ボルトロス,でんき,ひこう,79,115,70,125,80,111,いたずらごころ,まけんき,,n642,exact
ボルトロス(れいじゅう),でんき,ひこう,79,105,70,145,80,101,ちくでん,,,n642a,exact
レシラム,ドラゴン,ほのお,100,120,100,150,120,90,ターボブレイズ,,,n643,exact
ゼクロム,ドラゴン,でんき,100,150,120,120,100,90,テラボルテージ,,,n644,exact
ランドロス,じめん,ひこう,89,125,90,115,80,101,すなのちから,ちからずく,,n645,exact
ランドロス(れいじゅう),じめん,ひこう,89,145,90,105,80,91,いかく,,,n645a,exact
キュレム,ドラゴン,こおり,125,130,90,130,90,95,プレッシャー,,,n646,exact
ホワイトキュレム,ドラゴン,こおり,125,120,90,170,100,95,ターボブレイズ,,,n646w,exact
ブラックキュレム,ドラゴン,こおり,125,170,100,120,90,95,テラボルテージ,,,n646b,exact
ケルディオ,みず,かくとう,91,72,90,129,90,108,せいぎのこころ,,,n647,exact
ケルディオ(かくご),みず,かくとう,91,72,90,129,90,108,せいぎのこころ,,,n647k,exact
メロエッタ,ノーマル,エスパー,100,77,77,128,128,90,てんのめぐみ,,,n648,exact
メロエッタ(ステップ),ノーマル,かくとう,100,128,90,77,77,128,てんのめぐみ,,,n648f,exact
ゲノセクト,むし,はがね,71,120,95,120,95,99,ダウンロード,,,n649,exact
ハリマロン,くさ,,56,61,65,48,45,38,しんりょく,ぼうだん,,n650,exact
ハリボーグ,くさ,,61,78,95,56,58,57,しんりょく,ぼうだん,,n651,exact
ブリガロン,くさ,かくとう,88,107,122,74,75,64,しんりょく,ぼうだん,,n652,exact
フォッコ,ほのお,,40,45,40,62,60,60,もうか,マジシャン,,n653,exact
テールナー,ほのお,,59,59,58,90,70,73,もうか,マジシャン,,n654,exact
マフォクシー,ほのお,エスパー,75,69,72,114,100,104,もうか,マジシャン,,n655,exact
ケロマツ,みず,,41,56,40,62,44,71,げきりゅう,へんげんじざい,,n656,exact
ゲコガシラ,みず,,54,63,52,83,56,97,げきりゅう,へんげんじざい,,n657,exact
ゲッコウガ,みず,あく,72,95,67,103,71,122,げきりゅう,へんげんじざい,,n658,exact
ゲッコウガ(きずなへんげ),みず,あく,72,95,67,103,71,122,きずなへんげ,,,n658,species
サトシゲッコウガ,みず,あく,72,145,67,153,71,132,きずなへんげ,,,n658f,exact
ホルビー,ノーマル,,38,36,38,32,36,57,ものひろい,ほおぶくろ,ちからもち,n659,exact
ホルード,ノーマル,じめん,85,56,77,50,77,78,ものひろい,ほおぶくろ,ちからもち,n660,exact
ヤヤコマ,ノーマル,ひこう,45,50,43,40,38,62,はとむね,はやてのつばさ,,n661,exact
ヒノヤコマ,ほのお,ひこう,62,73,55,56,52,84,ほのおのからだ,はやてのつばさ,,n662,exact
ファイアロー,ほのお,ひこう,78,81,71,74,69,126,ほのおのからだ,はやてのつばさ,,n663,exact
コフキムシ,むし,,38,35,40,27,25,35,りんぷん,ふくがん,フレンドガード,n664,exact
コフーライ,むし,,45,22,60,27,30,29,だっぴ,フレンドガード,,n665,exact
ビビヨン,むし,ひこう,80,52,50,90,50,89,りんぷん,ふくがん,フレンドガード,n666,exact
シシコ,ほのお,ノーマル,62,50,58,73,54,72,とうそうしん,きんちょうかん,じしんかじょう,n667,exact
カエンジシ,ほのお,ノーマル,86,68,72,109,66,106,とうそうしん,きんちょうかん,じしんかじょう,n668,exact
フラベベ,フェアリー,,44,38,39,61,79,42,フラワーベール,きょうせい,,n669,exact
フラエッテ,フェアリー,,54,45,47,75,98,52,フラワーベール,きょうせい,,n670,exact
フラエッテ(えいえんのはな),フェアリー,,74,65,67,125,128,92,フラワーベール,きょうせい,,n670,species
フラージェス,フェアリー,,78,65,68,112,154,75,フラワーベール,きょうせい,,n671,exact
メェークル,くさ,,66,65,48,62,57,52,そうしょく,くさのけがわ,,n672,exact
ゴーゴート,くさ,,123,100,62,97,81,68,そうしょく,くさのけがわ,,n673,exact
ヤンチャム,かくとう,,67,82,62,46,48,43,てつのこぶし,かたやぶり,きもったま,n674,exact
ゴロンダ,かくとう,あく,95,124,78,69,71,58,てつのこぶし,かたやぶり,きもったま,n675,exact
トリミアン,ノーマル,,75,80,60,65,90,102,ファーコート,,,n676,exact
ニャスパー,エスパー,,62,48,54,63,60,68,するどいめ,すりぬけ,マイペース,n677,exact
ニャオニクス,エスパー,,74,48,76,83,81,104,するどいめ,すりぬけ,いたずらごころ,n678,exact
ニャオニクス♀,エスパー,,74,48,76,83,81,104,するどいめ,すりぬけ,かちき,n678f,exact
ヒトツキ,はがね,ゴースト,45,80,100,35,37,28,ノーガード,,,n679,exact
ニダンギル,はがね,ゴースト,59,110,150,45,49,35,ノーガード,,,n680,exact
ギルガルド,はがね,ゴースト,60,50,140,50,140,60,バトルスイッチ,,,n681,exact
ギルガルド(ブレード),はがね,ゴースト,60,140,50,140,50,60,バトルスイッチ,,,n681b,exact
シュシュプ,フェアリー,,78,52,60,63,65,23,いやしのこころ,アロマベール,,n682,exact
フレフワン,フェアリー,,101,72,72,99,89,29,いやしのこころ,アロマベール,,n683,exact
ペロッパフ,フェアリー,,62,48,66,59,57,49,スイートベール,かるわざ,,n684,exact
ペロリーム,フェアリー,,82,80,86,85,75,72,スイートベール,かるわざ,,n685,exact
マーイーカ,あく,エスパー,53,54,53,37,46,45,あまのじゃく,きゅうばん,すりぬけ,n686,exact
カラマネロ,あく,エスパー,86,92,88,68,75,73,あまのじゃく,きゅうばん,すりぬけ,n687,exact
カメテテ,いわ,みず,42,52,67,39,56,50,かたいツメ,スナイパー,わるいてぐせ,n688,exact
ガメノデス,いわ,みず,72,105,115,54,86,68,かたいツメ,スナイパー,わるいてぐせ,n689,exact
クズモー,どく,みず,50,60,60,60,60,30,どくのトゲ,どくしゅ,てきおうりょく,n690,exact
ドラミドロ,どく,ドラゴン,65,75,90,97,123,44,どくのトゲ,どくしゅ,てきおうりょく,n691,exact
ウデッポウ,みず,,50,53,62,58,63,44,メガランチャー,,,n692,exact
ブロスター,みず,,71,73,88,120,89,59,メガランチャー,,,n693,exact
エリキテル,でんき,ノーマル,44,38,33,61,43,70,かんそうはだ,すながくれ,サンパワー,n694,exact
エレザード,でんき,ノーマル,62,55,52,109,94,109,かんそうはだ,すながくれ,サンパワー,n695,exact
チゴラス,いわ,ドラゴン,58,89,77,45,45,48,がんじょうあご,がんじょう,,n696,exact
ガチゴラス,いわ,ドラゴン,82,121,119,69,59,71,がんじょうあご,いしあたま,,n697,exact
アマルス,いわ,こおり,77,59,50,67,63,46,フリーズスキン,ゆきふらし,,n698,exact
アマルルガ,いわ,こおり,123,77,72,99,92,58,フリーズスキン,ゆきふらし,,n699,exact
ルチャブル,かくとう,ひこう,78,92,75,74,63,118,じゅうなん,かるわざ,かたやぶり,n701,exact
デデンネ,でんき,フェアリー,67,58,57,81,67,101,ほおぶくろ,ものひろい,プラス,n702,exact
メレシー,いわ,フェアリー,50,50,150,50,150,50,クリアボディ,がんじょう,,n703,exact
ヌメラ,ドラゴン,,45,50,35,55,75,40,そうしょく,うるおいボディ,ぬめぬめ,n704,exact
ヌメイル,ドラゴン,,68,75,53,83,113,60,そうしょく,うるおいボディ,ぬめぬめ,n705,exact
ヌメルゴン,ドラゴン,,90,100,70,110,150,80,そうしょく,うるおいボディ,ぬめぬめ,n706,exact
クレッフィ,はがね,フェアリー,57,80,91,80,87,75,いたずらごころ,マジシャン,,n707,exact
ボクレー,ゴースト,くさ,43,70,48,50,60,38,しぜんかいふく,おみとおし,しゅうかく,n708,exact
オーロット,ゴースト,くさ,85,110,76,65,82,56,しぜんかいふく,おみとおし,しゅうかく,n709,exact
バケッチャ,ゴースト,くさ,49,66,70,44,55,51,ものひろい,おみとおし,ふみん,n710,exact
バケッチャ(ちいさいサイズ),ゴースト,くさ,44,66,70,44,55,56,ものひろい,おみとおし,ふみん,n710s,exact
バケッチャ(おおきいサイズ),ゴースト,くさ,54,66,70,44,55,46,ものひろい,おみとおし,ふみん,n710l,exact
バケッチャ(とくだいサイズ),ゴースト,くさ,59,66,70,44,55,41,ものひろい,おみとおし,ふみん,n710k,exact
パンプジン,ゴースト,くさ,65,90,122,58,75,84,ものひろい,おみとおし,ふみん,n711,exact
パンプジン(ちいさいサイズ),ゴースト,くさ,55,85,122,58,75,99,ものひろい,おみとおし,ふみん,n711s,exact
パンプジン(おおきいサイズ),ゴースト,くさ,75,95,122,58,75,69,ものひろい,おみとおし,ふみん,n711l,exact
パンプジン(とくだいサイズ),ゴースト,くさ,85,100,122,58,75,54,ものひろい,おみとおし,ふみん,n711k,exact
カチコール,こおり,,55,69,85,32,35,28,マイペース,アイスボディ,がんじょう,n712,exact
クレベース,こおり,,95,117,184,44,46,28,マイペース,アイスボディ,がんじょう,n713,exact
オンバット,ひこう,ドラゴン,40,30,35,45,40,55,おみとおし,すりぬけ,テレパシー,n714,exact
オンバーン,ひこう,ドラゴン,85,70,80,97,80,123,おみとおし,すりぬけ,テレパシー,n715,exact
ゼルネアス,フェアリー,,126,131,95,131,98,99,フェアリーオーラ,,,n716,exact
イベルタル,あく,ひこう,126,131,95,131,98,99,ダークオーラ,,,n717,exact
ジガルデ,ドラゴン,じめん,108,100,121,81,95,95,オーラブレイク,,,n718,exact
ジガルデ(10%),ドラゴン,じめん,54,100,71,61,85,115,オーラブレイク,,,n718t,exact
ジガルデ(10%・スワームチェンジ),ドラゴン,じめん,54,100,71,61,85,115,スワームチェンジ,,,n718,species
ジガルデ(50%),ドラゴン,じめん,108,100,121,81,95,95,スワームチェンジ,,,n718,species
ジガルデ(パーフェクト),ドラゴン,じめん,216,100,121,91,95,85,スワームチェンジ,,,n718c,exact
ディアンシー,いわ,フェアリー,50,100,150,100,150,50,クリアボディ,,,n719,exact
メガディアンシー,いわ,フェアリー,50,160,110,160,110,110,マジックミラー,,,n719m,exact
フーパ,エスパー,ゴースト,80,110,60,150,130,70,マジシャン,,,n720,exact
ときはなたれしフーパ,エスパー,あく,80,160,60,170,130,80,マジシャン,,,n720u,exact
ボルケニオン,ほのお,みず,80,110,120,130,90,70,ちょすい,,,n721,exact
モクロー,くさ,ひこう,68,55,55,50,50,42,しんりょく,えんかく,,n722,exact
フクスロー,くさ,ひこう,78,75,75,70,70,52,しんりょく,えんかく,,n723,exact
ジュナイパー,くさ,ゴースト,78,107,75,100,100,70,しんりょく,えんかく,,n724,exact
ニャビー,ほのお,,45,65,40,60,40,70,もうか,いかく,,n725,exact
ニャヒート,ほのお,,65,85,50,80,50,90,もうか,いかく,,n726,exact
ガオガエン,ほのお,あく,95,115,90,80,90,60,もうか,いかく,,n727,exact
アシマリ,みず,,50,54,54,66,56,40,げきりゅう,うるおいボイス,,n728,exact
オシャマリ,みず,,60,69,69,91,81,50,げきりゅう,うるおいボイス,,n729,exact
アシレーヌ,みず,フェアリー,80,74,74,126,116,60,げきりゅう,うるおいボイス,,n730,exact
ツツケラ,ノーマル,ひこう,35,75,30,30,30,65,するどいめ,スキルリンク,ものひろい,n731,exact
ケララッパ,ノーマル,ひこう,55,85,50,40,50,75,するどいめ,スキルリンク,ものひろい,n732,exact
ドデカバシ,ノーマル,ひこう,80,120,75,75,75,60,するどいめ,スキルリンク,ちからずく,n733,exact
ヤングース,ノーマル,,48,70,30,30,30,45,はりこみ,がんじょうあご,てきおうりょく,n734,exact
デカグース,ノーマル,,88,110,60,55,60,45,はりこみ,がんじょうあご,てきおうりょく,n735,exact
デカグース(ぬし),ノーマル,,88,110,60,55,60,45,はりこみ,がんじょうあご,てきおうりょく,n735,species
アゴジムシ,むし,,47,62,45,55,45,46,むしのしらせ,,,n736,exact
デンヂムシ,むし,でんき,57,82,95,55,75,36,バッテリー,,,n737,exact
クワガノン,むし,でんき,77,70,90,145,75,43,ふゆう,,,n738,exact
クワガノン(ぬし),むし,でんき,77,70,90,145,75,43,ふゆう,,,n738,species
マケンカニ,かくとう,,47,82,57,42,47,63,かいりきバサミ,てつのこぶし,いかりのつぼ,n739,exact
ケケンカニ,かくとう,こおり,97,132,77,62,67,43,かいりきバサミ,てつのこぶし,いかりのつぼ,n740,exact
オドリドリ,ほのお,ひこう,75,70,70,98,70,93,おどりこ,,,n741,exact
オドリドリ(ぱちぱちスタイル),でんき,ひこう,75,70,70,98,70,93,おどりこ,,,n741p,exact
オドリドリ(ふらふらスタイル),エスパー,ひこう,75,70,70,98,70,93,おどりこ,,,n741f,exact
オドリドリ(まいまいスタイル),ゴースト,ひこう,75,70,70,98,70,93,おどりこ,,,n741m,exact
アブリー,むし,フェアリー,40,45,40,55,40,84,みつあつめ,りんぷん,スイートベール,n742,exact
アブリボン,むし,フェアリー,60,55,60,95,70,124,みつあつめ,りんぷん,スイートベール,n743,exact
アブリボン(ぬし),むし,フェアリー,60,55,60,95,70,124,みつあつめ,りんぷん,スイートベール,n743,species
イワンコ,いわ,,45,65,40,30,40,60,するどいめ,やるき,ふくつのこころ,n744,exact
イワンコ(マイペース),いわ,,45,65,40,30,40,60,マイペース,,,n744,species
ルガルガン,いわ,,75,115,65,55,65,112,するどいめ,すなかき,ふくつのこころ,n745,exact
アヤシシ,ノーマル,エスパー,103,105,72,105,75,65,いかく,おみとおし,そうしょく,n899,exact
ルガルガン(まよなか),いわ,,85,115,75,55,75,82,するどいめ,やるき,ノーガード,n745f,exact
バサギリ,むし,いわ,70,135,95,45,70,85,むしのしらせ,ちからずく,きれあじ,n900,exact
ルガルガン(たそがれ),いわ,,75,117,65,55,65,110,かたいツメ,,,n745d,exact
ヨワシ,みず,,45,20,20,25,25,40,ぎょぐん,,,n746,exact
ガチグマ,じめん,ノーマル,130,140,105,45,80,50,こんじょう,ぼうだん,きんちょうかん,n901,exact
イダイトウ,みず,ゴースト,120,112,65,80,75,78,すいすい,てきおうりょく,かたやぶり,n902,exact
ヨワシ(むれた),みず,,45,140,130,140,135,30,ぎょぐん,,,n746f,exact
ヒドイデ,どく,みず,50,53,62,43,52,45,ひとでなし,じゅうなん,さいせいりょく,n747,exact
オオニューラ,かくとう,どく,80,130,60,40,80,120,プレッシャー,かるわざ,どくしゅ,n903,exact
ドヒドイデ,どく,みず,50,63,152,53,142,35,ひとでなし,じゅうなん,さいせいりょく,n748,exact
ハリーマン,あく,どく,85,115,95,65,65,85,どくのトゲ,すいすい,いかく,n904,exact
ドロバンコ,じめん,,70,100,70,45,55,45,マイペース,じきゅうりょく,せいしんりょく,n749,exact
ラブトロス,フェアリー,ひこう,74,115,70,135,80,106,メロメロボディ,あまのじゃく,,n905,exact
バンバドロ,じめん,,100,125,100,55,85,35,マイペース,じきゅうりょく,せいしんりょく,n750,exact
ニャオハ,くさ,,40,61,54,45,45,65,しんりょく,へんげんじざい,,n906,exact
シズクモ,みず,むし,38,40,52,40,72,27,すいほう,ちょすい,,n751,exact
ニャローテ,くさ,,61,80,63,60,63,83,しんりょく,へんげんじざい,,n907,exact
オニシズクモ,みず,むし,68,70,92,50,132,42,すいほう,ちょすい,,n752,exact
マスカーニャ,くさ,あく,76,110,70,81,70,123,しんりょく,へんげんじざい,,n908,exact
ホゲータ,ほのお,,67,45,59,63,40,36,もうか,てんねん,,n909,exact
オニシズクモ(ぬし),みず,むし,68,70,92,50,132,42,すいほう,ちょすい,,n752,species
カリキリ,くさ,,40,55,35,50,35,35,リーフガード,あまのじゃく,,n753,exact
アチゲータ,ほのお,,81,55,78,90,58,49,もうか,てんねん,,n910,exact
ラランテス,くさ,,70,105,90,80,90,45,リーフガード,あまのじゃく,,n754,exact
ラウドボーン,ほのお,ゴースト,104,75,100,110,75,66,もうか,てんねん,,n911,exact
クワッス,みず,,55,65,45,50,45,50,げきりゅう,じしんかじょう,,n912,exact
ラランテス(ぬし),くさ,,70,105,90,80,90,45,リーフガード,あまのじゃく,,n754,species
ネマシュ,くさ,フェアリー,40,35,55,65,75,15,はっこう,ほうし,あめうけざら,n755,exact
ウェルカモ,みず,,70,85,65,65,60,65,げきりゅう,じしんかじょう,,n913,exact
マシェード,くさ,フェアリー,60,45,80,90,100,30,はっこう,ほうし,あめうけざら,n756,exact
ウェーニバル,みず,かくとう,85,120,80,85,75,85,げきりゅう,じしんかじょう,,n914,exact
ヤトウモリ,どく,ほのお,48,44,40,71,40,77,ふしょく,どんかん,,n757,exact
グルトン,ノーマル,,54,45,40,35,45,35,アロマベール,くいしんぼう,あついしぼう,n915,exact
エンニュート,どく,ほのお,68,64,60,111,60,117,ふしょく,どんかん,,n758,exact
パフュートン,ノーマル,,110,100,75,59,80,65,とれないにおい,くいしんぼう,あついしぼう,n916,exact
ノココッチ,ノーマル,,125,100,80,85,75,55,てんのめぐみ,にげあし,びびり,n917,exact
エンニュート(ぬし),どく,ほのお,68,64,60,111,60,117,ふしょく,どんかん,,n758,species
ヌイコグマ,ノーマル,かくとう,70,75,50,45,50,50,もふもふ,ぶきよう,メロメロボディ,n759,exact
タマンチュラ,むし,,35,41,45,29,40,20,ふみん,はりこみ,,n918,exact
キテルグマ,ノーマル,かくとう,120,125,80,55,60,60,もふもふ,ぶきよう,きんちょうかん,n760,exact
ワナイダー,むし,,60,79,92,52,86,35,ふみん,はりこみ,,n919,exact
アマカジ,くさ,,42,30,38,30,38,32,リーフガード,どんかん,スイートベール,n761,exact
マメバッタ,むし,,33,46,40,21,25,45,むしのしらせ,いろめがね,,n920,exact
アママイコ,くさ,,52,40,48,40,48,62,リーフガード,どんかん,スイートベール,n762,exact
エクスレッグ,むし,あく,71,102,78,52,55,92,むしのしらせ,いろめがね,,n921,exact
アマージョ,くさ,,72,120,98,50,98,72,リーフガード,じょおうのいげん,スイートベール,n763,exact
シガロコ,むし,,41,50,60,31,58,30,ふくがん,だっぴ,,n922,exact
キュワワー,フェアリー,,51,52,90,82,110,100,フラワーベール,ヒーリングシフト,しぜんかいふく,n764,exact
ベラカス,むし,エスパー,75,50,85,115,100,45,シンクロ,テレパシー,,n923,exact
ヤレユータン,ノーマル,エスパー,90,60,80,90,110,60,せいしんりょく,テレパシー,きょうせい,n765,exact
ボチ,ゴースト,,50,61,60,30,55,34,ものひろい,もふもふ,,n924,exact
ナゲツケサル,かくとう,,100,120,90,40,60,80,レシーバー,まけんき,,n766,exact
ハカドッグ,ゴースト,,72,101,100,50,97,68,すなかき,もふもふ,,n925,exact
コソクムシ,むし,みず,25,35,40,20,30,80,にげごし,,,n767,exact
ヒラヒナ,エスパー,,30,35,30,55,30,75,きけんよち,おみとおし,かそく,n926,exact
グソクムシャ,むし,みず,75,125,140,60,90,40,ききかいひ,,,n768,exact
クエスパトラ,エスパー,,95,60,60,101,60,105,びんじょう,おみとおし,かそく,n927,exact
スナバァ,ゴースト,じめん,55,55,80,70,45,15,みずがため,すながくれ,,n769,exact
リキキリン,ノーマル,エスパー,120,90,70,110,70,60,はんすう,テイルアーマー,そうしょく,n928,exact
シロデスナ,ゴースト,じめん,85,75,110,100,75,35,みずがため,すながくれ,,n770,exact
ウミディグダ,みず,,10,55,25,35,25,95,ぬめぬめ,びびり,すながくれ,n929,exact
ナマコブシ,みず,,55,60,130,30,130,5,とびだすなかみ,てんねん,,n771,exact
ウミトリオ,みず,,35,100,50,50,70,120,ぬめぬめ,びびり,すながくれ,n930,exact
タイプ:ヌル,ノーマル,,95,95,95,95,95,59,カブトアーマー,,,n772,exact
ヘイラッシャ,みず,,150,100,115,65,65,35,てんねん,どんかん,みずのベール,n931,exact
シルヴァディ,ノーマル,,95,95,95,95,95,95,ARシステム,,,n773,exact
ミガルーサ,みず,エスパー,90,102,73,78,65,70,かたやぶり,きれあじ,,n932,exact
メテノ,いわ,ひこう,60,60,100,60,100,60,リミットシールド,,,n774,exact
ナミイルカ,みず,,70,45,40,45,40,75,みずのベール,,,n933,exact
イルカマン,みず,,100,70,72,53,62,100,マイティチェンジ,,,n934,exact
メテノ(だいだいいろ・りゅうせい),いわ,ひこう,60,60,100,60,100,60,リミットシールド,,,n774,species
ミニーブ,くさ,ノーマル,41,35,45,58,51,30,はやおき,しゅうかく,,n935,exact
メテノ(きいろ・りゅうせい),いわ,ひこう,60,60,100,60,100,60,リミットシールド,,,n774,species
オリーニョ,くさ,ノーマル,52,53,60,78,78,33,はやおき,しゅうかく,,n936,exact
メテノ(みどりいろ・りゅうせい),いわ,ひこう,60,60,100,60,100,60,リミットシールド,,,n774,species
オリーヴァ,くさ,ノーマル,78,69,90,125,109,39,こぼれダネ,しゅうかく,,n937,exact
メテノ(みずいろ・りゅうせい),いわ,ひこう,60,60,100,60,100,60,リミットシールド,,,n774,species
カプサイジ,くさ,,50,62,40,62,40,50,ようりょくそ,ふみん,ぶきよう,n938,exact
メテノ(あおいろ・りゅうせい),いわ,ひこう,60,60,100,60,100,60,リミットシールド,,,n774,species
スコヴィラン,くさ,ほのお,65,108,65,108,65,75,ようりょくそ,ふみん,ムラっけ,n939,exact
メテノ(むらさきいろ・りゅうせい),いわ,ひこう,60,60,100,60,100,60,リミットシールド,,,n774,species
ズピカ,でんき,,61,31,41,59,35,45,マイペース,せいでんき,しめりけ,n940,exact
メテノ(あかいろ),いわ,ひこう,60,100,60,100,60,120,リミットシールド,,,n774f,exact
ハラバリー,でんき,,109,64,91,103,83,45,でんきにかえる,せいでんき,しめりけ,n941,exact
メテノ(だいだいいろ),いわ,ひこう,60,100,60,100,60,120,リミットシールド,,,n774,species
ブロロン,はがね,どく,45,70,63,30,45,47,ぼうじん,スロースタート,,n942,exact
メテノ(きいろ),いわ,ひこう,60,100,60,100,60,120,リミットシールド,,,n774,species
ブロロローム,はがね,どく,80,119,90,54,67,90,ぼうじん,フィルター,,n943,exact
メテノ(みどりいろ),いわ,ひこう,60,100,60,100,60,120,リミットシールド,,,n774,species
ミミズズ,はがね,,70,85,145,60,55,65,どしょく,すながくれ,,n944,exact
メテノ(みずいろ),いわ,ひこう,60,100,60,100,60,120,リミットシールド,,,n774,species
ワッカネズミ,ノーマル,,50,50,45,40,45,75,にげあし,ものひろい,マイペース,n945,exact
メテノ(あおいろ),いわ,ひこう,60,100,60,100,60,120,リミットシールド,,,n774,species
イッカネズミ,ノーマル,,74,75,70,65,75,111,フレンドガード,ほおぶくろ,テクニシャン,n946,exact
メテノ(むらさきいろ),いわ,ひこう,60,100,60,100,60,120,リミットシールド,,,n774,species
ネッコアラ,ノーマル,,65,115,65,75,95,65,ぜったいねむり,,,n775,exact
アルクジラ,こおり,,108,68,45,30,40,43,あついしぼう,ゆきがくれ,ちからずく,n947,exact
バクガメス,ほのお,ドラゴン,60,78,135,91,85,36,シェルアーマー,,,n776,exact
ハルクジラ,こおり,,170,113,65,45,55,73,あついしぼう,ゆきかき,ちからずく,n948,exact
トゲデマル,でんき,はがね,65,98,63,40,73,96,てつのトゲ,ひらいしん,がんじょう,n777,exact
セビエ,ドラゴン,こおり,65,75,45,35,45,55,ねつこうかん,アイスボディ,,n949,exact
セゴール,ドラゴン,こおり,90,95,66,45,65,62,ねつこうかん,アイスボディ,,n950,exact
トゲデマル(ぬし),でんき,はがね,65,98,63,40,73,96,てつのトゲ,ひらいしん,がんじょう,n777,species
ミミッキュ,ゴースト,フェアリー,55,90,80,50,105,96,ばけのかわ,,,n778,exact
セグレイブ,ドラゴン,こおり,115,145,92,75,86,87,ねつこうかん,アイスボディ,,n951,exact
シャリタツ,ドラゴン,みず,68,50,60,120,95,82,しれいとう,よびみず,,n952,exact
ミミッキュ(ばれた),ゴースト,フェアリー,55,90,80,50,105,96,ばけのかわ,,,n778,species
モトトカゲ,ドラゴン,ノーマル,70,95,65,85,65,121,だっぴ,さいせいりょく,,n953,exact
ミミッキュ(ぬし・ばけた),ゴースト,フェアリー,55,90,80,50,105,96,ばけのかわ,,,n778,species
パモ,でんき,,45,50,20,40,25,60,せいでんき,しぜんかいふく,てつのこぶし,n954,exact
ミミッキュ(ぬし・ばれた),ゴースト,フェアリー,55,90,80,50,105,96,ばけのかわ,,,n778,species
ハギギシリ,みず,エスパー,68,105,70,70,70,92,ビビッドボディ,がんじょうあご,ミラクルスキン,n779,exact
パモット,でんき,かくとう,60,75,40,50,40,85,ちくでん,しぜんかいふく,てつのこぶし,n955,exact
ジジーロン,ノーマル,ドラゴン,78,60,85,135,91,36,ぎゃくじょう,そうしょく,ノーてんき,n780,exact
パーモット,でんき,かくとう,70,115,70,70,60,105,ちくでん,しぜんかいふく,てつのこぶし,n956,exact
ダダリン,ゴースト,くさ,70,131,100,86,90,40,はがねつかい,,,n781,exact
カイデン,でんき,ひこう,40,40,35,55,40,70,ふうりょくでんき,ちくでん,かちき,n957,exact
ジャラコ,ドラゴン,,45,55,65,45,45,45,ぼうだん,ぼうおん,ぼうじん,n782,exact
タイカイデン,でんき,ひこう,70,70,60,105,60,125,ふうりょくでんき,ちくでん,かちき,n958,exact
ジャランゴ,ドラゴン,かくとう,55,75,90,65,70,65,ぼうだん,ぼうおん,ぼうじん,n783,exact
オトシドリ,ひこう,あく,70,103,85,60,85,82,はとむね,するどいめ,いわはこび,n959,exact
ジャラランガ,ドラゴン,かくとう,75,110,125,100,105,85,ぼうだん,ぼうおん,ぼうじん,n784,exact
イキリンコ,ノーマル,ひこう,82,96,51,45,51,92,いかく,はりきり,こんじょう,n960,exact
カラミンゴ,ひこう,かくとう,82,115,74,75,64,90,きもったま,ちどりあし,きょうえん,n961,exact
ジャラランガ(ぬし),ドラゴン,かくとう,75,110,125,100,105,85,ぼうだん,ぼうおん,ぼうじん,n784,species
カプ・コケコ,でんき,フェアリー,70,115,85,95,75,130,エレキメイカー,テレパシー,,n785,exact
ガケガニ,いわ,,70,100,115,35,55,75,いかりのこうら,シェルアーマー,さいせいりょく,n962,exact
カプ・テテフ,エスパー,フェアリー,70,85,75,130,115,95,サイコメイカー,テレパシー,,n786,exact
コジオ,いわ,,55,55,75,35,35,25,きよめのしお,がんじょう,クリアボディ,n963,exact
カプ・ブルル,くさ,フェアリー,70,130,115,85,95,75,グラスメイカー,テレパシー,,n787,exact
ジオヅム,いわ,,60,60,100,35,65,35,きよめのしお,がんじょう,クリアボディ,n964,exact
カプ・レヒレ,みず,フェアリー,70,75,115,95,130,85,ミストメイカー,テレパシー,,n788,exact
キョジオーン,いわ,,100,100,130,45,90,35,きよめのしお,がんじょう,クリアボディ,n965,exact
コスモッグ,エスパー,,43,29,31,29,31,37,てんねん,,,n789,exact
キラーメ,いわ,どく,48,35,42,105,60,60,どくげしょう,ふしょく,,n966,exact
コスモウム,エスパー,,43,29,131,29,131,37,がんじょう,,,n790,exact
キラフロル,いわ,どく,83,55,90,130,81,86,どくげしょう,ふしょく,,n967,exact
ソルガレオ,エスパー,はがね,137,137,107,113,89,97,メタルプロテクト,,,n791,exact
シルシュルー,どく,ノーマル,40,65,35,40,35,75,かるわざ,わるいてぐせ,いたずらごころ,n968,exact
ルナアーラ,エスパー,ゴースト,137,113,89,137,107,97,ファントムガード,,,n792,exact
タギングル,どく,ノーマル,63,95,65,80,72,110,かるわざ,どくしゅ,いたずらごころ,n969,exact
ウツロイド,いわ,どく,109,53,47,127,131,103,ビーストブースト,,,n793,exact
パピモッチ,フェアリー,,37,55,70,30,55,65,マイペース,ぶきよう,,n970,exact
マッシブーン,むし,かくとう,107,139,139,53,53,79,ビーストブースト,,,n794,exact
バウッツェル,フェアリー,,57,80,115,50,80,95,こんがりボディ,アロマベール,,n971,exact
フェローチェ,むし,かくとう,71,137,37,137,37,151,ビーストブースト,,,n795,exact
オラチフ,あく,,60,78,60,40,51,51,いかく,にげあし,はりこみ,n972,exact
デンジュモク,でんき,,83,89,71,173,71,83,ビーストブースト,,,n796,exact
マフィティフ,あく,,80,120,90,60,70,85,いかく,ばんけん,はりこみ,n973,exact
テッカグヤ,はがね,ひこう,97,101,103,107,101,61,ビーストブースト,,,n797,exact
アノクサ,くさ,ゴースト,40,65,30,45,35,60,かぜのり,すりぬけ,,n974,exact
カミツルギ,くさ,はがね,59,181,131,59,31,109,ビーストブースト,,,n798,exact
アノホラグサ,くさ,ゴースト,55,115,70,80,70,90,かぜのり,すりぬけ,,n975,exact
アクジキング,あく,ドラゴン,223,101,53,97,53,43,ビーストブースト,,,n799,exact
コレクレー,ゴースト,,45,30,70,75,70,10,びびり,,,n976,exact
ネクロズマ,エスパー,,97,107,101,127,89,79,プリズムアーマー,,,n800,exact
サーフゴー,はがね,ゴースト,87,60,95,133,91,84,おうごんのからだ,,,n977,exact
イダイナキバ,じめん,かくとう,115,131,131,53,53,87,こだいかっせい,,,n978,exact
ネクロズマ(たそがれのたてがみ),エスパー,はがね,97,157,127,113,109,77,プリズムアーマー,,,n800s,exact
アラブルタケ,くさ,あく,111,127,99,79,99,55,こだいかっせい,,,n979,exact
ネクロズマ(あかつきのつばさ),エスパー,ゴースト,97,113,109,157,127,77,プリズムアーマー,,,n800m,exact
ウルトラネクロズマ,エスパー,ドラゴン,97,167,97,167,97,129,ブレインフォース,,,n800u,exact
マギアナ,はがね,フェアリー,80,95,115,130,115,65,ソウルハート,,,n801,exact
スナノケガワ,でんき,じめん,85,81,97,121,85,101,こだいかっせい,,,n981,exact
サケブシッポ,フェアリー,エスパー,115,65,99,65,115,111,こだいかっせい,,,n982,exact
マギアナ(500ねんまえのいろ),はがね,フェアリー,80,95,115,130,115,65,ソウルハート,,,n801,species
マーシャドー,かくとう,ゴースト,90,125,80,90,90,125,テクニシャン,,,n802,exact
ハバタクカミ,ゴースト,フェアリー,55,55,55,135,135,135,こだいかっせい,,,n983,exact
ベベノム,どく,,67,73,67,73,67,73,ビーストブースト,,,n803,exact
チヲハウハネ,むし,かくとう,85,135,79,85,105,81,こだいかっせい,,,n984,exact
アーゴヨン,どく,ドラゴン,73,73,73,127,73,121,ビーストブースト,,,n804,exact
トドロクツキ,ドラゴン,あく,105,139,71,55,101,119,こだいかっせい,,,n985,exact
ツンデツンデ,いわ,はがね,61,131,211,53,101,13,ビーストブースト,,,n805,exact
テツノワダチ,じめん,はがね,90,112,120,72,70,106,クォークチャージ,,,n986,exact
ズガドーン,ほのお,ゴースト,53,127,53,151,79,107,ビーストブースト,,,n806,exact
ゼラオラ,でんき,,88,112,75,102,80,143,ちくでん,,,n807,exact
テツノドクガ,ほのお,どく,80,70,60,140,110,110,クォークチャージ,,,n988,exact
メルタン,はがね,,46,65,65,55,35,34,じりょく,,,n808,exact
テツノカイナ,かくとう,でんき,154,140,108,50,68,50,クォークチャージ,,,n989,exact
メルメタル,はがね,,135,143,143,80,65,34,てつのこぶし,,,n809,exact
テツノコウベ,あく,ひこう,94,80,86,122,80,108,クォークチャージ,,,n990,exact
サルノリ,くさ,,50,65,50,40,40,65,しんりょく,グラスメイカー,,n810,exact
テツノイバラ,いわ,でんき,100,134,110,70,84,72,クォークチャージ,,,n991,exact
バチンキー,くさ,,70,85,70,55,60,80,しんりょく,グラスメイカー,,n811,exact
テツノツツミ,こおり,みず,56,80,114,124,60,136,クォークチャージ,,,n992,exact
ゴリランダー,くさ,,100,125,90,60,70,85,しんりょく,グラスメイカー,,n812,exact
テツノブジン,フェアリー,かくとう,74,130,90,120,60,116,クォークチャージ,,,n993,exact
ヒバニー,ほのお,,50,71,40,40,40,69,もうか,リベロ,,n813,exact
ディンルー,あく,じめん,155,110,125,55,80,45,わざわいのうつわ,,,n994,exact
ラビフット,ほのお,,65,86,60,55,60,94,もうか,リベロ,,n814,exact
パオジアン,あく,こおり,80,120,80,90,65,135,わざわいのつるぎ,,,n995,exact
エースバーン,ほのお,,80,116,75,65,75,119,もうか,リベロ,,n815,exact
チオンジェン,あく,くさ,85,85,100,95,135,70,わざわいのおふだ,,,n996,exact
メッソン,みず,,50,40,40,70,40,70,げきりゅう,スナイパー,,n816,exact
イーユイ,あく,ほのお,55,80,80,135,120,100,わざわいのたま,,,n997,exact
ジメレオン,みず,,65,60,55,95,55,90,げきりゅう,スナイパー,,n817,exact
コライドン,かくとう,ドラゴン,100,135,115,85,100,135,ひひいろのこどう,,,n998,exact
インテレオン,みず,,70,85,65,125,65,120,げきりゅう,スナイパー,,n818,exact
ミライドン,でんき,ドラゴン,100,85,100,135,115,135,ハドロンエンジン,,,n999,exact
ホシガリス,ノーマル,,70,55,55,35,35,25,ほおぶくろ,くいしんぼう,,n819,exact
カヌチャン,フェアリー,はがね,50,45,45,35,64,58,かたやぶり,マイペース,わるいてぐせ,n1000,exact
ヨクバリス,ノーマル,,120,95,95,55,75,20,ほおぶくろ,くいしんぼう,,n820,exact
ナカヌチャン,フェアリー,はがね,65,55,55,45,82,78,かたやぶり,マイペース,わるいてぐせ,n1001,exact
ココガラ,ひこう,,38,47,35,33,35,57,するどいめ,きんちょうかん,はとむね,n821,exact
デカヌチャン,フェアリー,はがね,85,75,77,70,105,94,かたやぶり,マイペース,わるいてぐせ,n1002,exact
アオガラス,ひこう,,68,67,55,43,55,77,するどいめ,きんちょうかん,はとむね,n822,exact
カルボウ,ほのお,,40,50,40,50,40,35,もらいび,ほのおのからだ,,n1003,exact
アーマーガア,ひこう,はがね,98,87,105,53,85,67,プレッシャー,きんちょうかん,ミラーアーマー,n823,exact
グレンアルマ,ほのお,エスパー,85,60,100,125,80,75,もらいび,くだけるよろい,,n1004,exact
サッチムシ,むし,,25,20,20,25,45,45,むしのしらせ,ふくがん,テレパシー,n824,exact
ソウブレイズ,ほのお,ゴースト,75,125,80,60,100,85,もらいび,くだけるよろい,,n1005,exact
レドームシ,むし,エスパー,50,35,80,50,90,30,むしのしらせ,ふくがん,テレパシー,n825,exact
ノノクラゲ,じめん,くさ,40,40,35,50,100,70,きんしのちから,,,n1006,exact
イオルブ,むし,エスパー,60,45,110,80,120,90,むしのしらせ,おみとおし,テレパシー,n826,exact
リククラゲ,じめん,くさ,80,70,65,80,120,100,きんしのちから,,,n1007,exact
クスネ,あく,,40,28,28,47,52,50,にげあし,かるわざ,はりこみ,n827,exact
ドドゲザン,あく,はがね,100,135,120,60,85,50,まけんき,そうだいしょう,プレッシャー,n1008,exact
フォクスライ,あく,,70,58,58,87,92,90,にげあし,かるわざ,はりこみ,n828,exact
ドオー,どく,じめん,130,75,60,45,100,20,どくのトゲ,ちょすい,てんねん,n1009,exact
ヒメンカ,くさ,,40,40,60,40,60,10,わたげ,さいせいりょく,ほうし,n829,exact
コノヨザル,かくとう,ゴースト,110,115,80,50,90,90,やるき,せいしんりょく,まけんき,n1010,exact
ワタシラガ,くさ,,60,50,90,80,120,60,わたげ,さいせいりょく,ほうし,n830,exact
ウールー,ノーマル,,42,40,55,40,45,48,もふもふ,にげあし,ぼうだん,n831,exact
バイウールー,ノーマル,,72,80,100,60,90,88,もふもふ,ふくつのこころ,ぼうだん,n832,exact
カムカメ,みず,,50,64,50,38,38,44,がんじょうあご,シェルアーマー,すいすい,n833,exact
カジリガメ,みず,いわ,90,115,90,48,68,74,がんじょうあご,シェルアーマー,すいすい,n834,exact
ワンパチ,でんき,,59,45,50,40,50,26,たまひろい,びびり,,n835,exact
パルスワン,でんき,,69,90,60,90,60,121,がんじょうあご,かちき,,n836,exact
タンドン,いわ,,30,40,50,40,50,30,じょうききかん,たいねつ,もらいび,n837,exact
トロッゴン,いわ,ほのお,80,60,90,60,70,50,じょうききかん,ほのおのからだ,もらいび,n838,exact
セキタンザン,いわ,ほのお,110,80,120,80,90,30,じょうききかん,ほのおのからだ,もらいび,n839,exact
カジッチュ,くさ,ドラゴン,40,40,80,40,40,20,じゅくせい,くいしんぼう,ぼうだん,n840,exact
アップリュー,くさ,ドラゴン,70,110,80,95,60,70,じゅくせい,くいしんぼう,はりきり,n841,exact
タルップル,くさ,ドラゴン,110,85,80,100,80,30,じゅくせい,くいしんぼう,あついしぼう,n842,exact
スナヘビ,じめん,,52,57,75,35,50,46,すなはき,だっぴ,すながくれ,n843,exact
サダイジャ,じめん,,72,107,125,65,70,71,すなはき,だっぴ,すながくれ,n844,exact
ウッウ,ひこう,みず,70,85,55,85,95,85,うのミサイル,,,n845,exact
ウッウ(うのみ),ひこう,みず,70,85,55,85,95,85,うのミサイル,,,n845,species
ウッウ(まるのみ),ひこう,みず,70,85,55,85,95,85,うのミサイル,,,n845,species
サシカマス,みず,,41,63,40,40,30,66,すいすい,スクリューおびれ,,n846,exact
カマスジョー,みず,,61,123,60,60,50,136,すいすい,スクリューおびれ,,n847,exact
エレズン,でんき,どく,40,38,35,54,35,40,びびり,せいでんき,ぶきよう,n848,exact
ストリンダー,でんき,どく,75,98,70,114,70,75,パンクロック,プラス,テクニシャン,n849,exact
ストリンダー(ローな),でんき,どく,75,98,70,114,70,75,パンクロック,マイナス,テクニシャン,n849f,exact
ヤクデ,ほのお,むし,50,65,45,50,50,45,もらいび,しろいけむり,ほのおのからだ,n850,exact
マルヤクデ,ほのお,むし,100,115,65,90,90,65,もらいび,しろいけむり,ほのおのからだ,n851,exact
タタッコ,かくとう,,50,68,60,50,50,32,じゅうなん,テクニシャン,,n852,exact
オトスパス,かくとう,,80,118,90,70,80,42,じゅうなん,テクニシャン,,n853,exact
ヤバチャ,ゴースト,,40,45,45,74,54,50,くだけるよろい,のろわれボディ,,n854,exact
ポットデス,ゴースト,,60,65,65,134,114,70,くだけるよろい,のろわれボディ,,n855,exact
ミブリム,エスパー,,42,30,45,56,53,39,いやしのこころ,きけんよち,マジックミラー,n856,exact
テブリム,エスパー,,57,40,65,86,73,49,いやしのこころ,きけんよち,マジックミラー,n857,exact
ブリムオン,エスパー,フェアリー,57,90,95,136,103,29,いやしのこころ,きけんよち,マジックミラー,n858,exact
ベロバー,あく,フェアリー,45,45,30,55,40,50,いたずらごころ,おみとおし,わるいてぐせ,n859,exact
ギモー,あく,フェアリー,65,60,45,75,55,70,いたずらごころ,おみとおし,わるいてぐせ,n860,exact
オーロンゲ,あく,フェアリー,95,120,65,95,75,60,いたずらごころ,おみとおし,わるいてぐせ,n861,exact
タチフサグマ,あく,ノーマル,93,90,101,60,81,95,すてみ,こんじょう,まけんき,n862,exact
ニャイキング,はがね,,70,110,100,50,60,50,カブトアーマー,かたいツメ,はがねのせいしん,n863,exact
サニゴーン,ゴースト,,60,95,50,145,130,30,くだけるよろい,ほろびのボディ,,n864,exact
ネギガナイト,かくとう,,62,135,95,68,82,65,ふくつのこころ,きもったま,,n865,exact
バリコオル,こおり,エスパー,80,85,75,110,100,70,ちどりあし,バリアフリー,アイスボディ,n866,exact
デスバーン,じめん,ゴースト,58,95,145,50,105,30,さまようたましい,,,n867,exact
マホミル,フェアリー,,45,40,40,50,61,34,スイートベール,アロマベール,,n868,exact
マホイップ,フェアリー,,65,60,75,110,121,64,スイートベール,アロマベール,,n869,exact
タイレーツ,かくとう,,65,100,100,70,60,75,カブトアーマー,まけんき,,n870,exact
バチンウニ,でんき,,48,101,95,91,85,15,ひらいしん,エレキメイカー,,n871,exact
ユキハミ,こおり,むし,30,25,35,45,30,20,りんぷん,こおりのりんぷん,,n872,exact
モスノウ,こおり,むし,70,65,60,125,90,65,りんぷん,こおりのりんぷん,,n873,exact
イシヘンジン,いわ,,100,125,135,20,20,70,パワースポット,,,n874,exact
コオリッポ,こおり,,75,80,110,65,90,50,アイスフェイス,,,n875,exact
コオリッポ(ナイスフェイス),こおり,,75,80,70,65,50,130,アイスフェイス,,,n875f,exact
イエッサン,エスパー,ノーマル,60,65,55,105,95,95,せいしんりょく,シンクロ,サイコメイカー,n876,exact
イエッサン♀,エスパー,ノーマル,70,55,65,95,105,85,マイペース,シンクロ,サイコメイカー,n876f,exact
モルペコ,でんき,あく,58,95,58,70,58,97,はらぺこスイッチ,,,n877,exact
モルペコ(はらぺこもよう),でんき,あく,58,95,58,70,58,97,はらぺこスイッチ,,,n877,species
ゾウドウ,はがね,,72,80,49,40,49,40,ちからずく,ヘヴィメタル,,n878,exact
ダイオウドウ,はがね,,122,130,69,80,69,30,ちからずく,ヘヴィメタル,,n879,exact
パッチラゴン,でんき,ドラゴン,90,100,90,80,70,75,ちくでん,はりきり,すなかき,n880,exact
パッチルドン,でんき,こおり,90,100,90,90,80,55,ちくでん,せいでんき,ゆきかき,n881,exact
ウオノラゴン,みず,ドラゴン,90,90,100,70,80,75,ちょすい,がんじょうあご,すなかき,n882,exact
ウオチルドン,みず,こおり,90,90,100,80,90,55,ちょすい,アイスボディ,ゆきかき,n883,exact
ジュラルドン,はがね,ドラゴン,70,95,115,120,50,85,ライトメタル,ヘヴィメタル,すじがねいり,n884,exact
ドラメシヤ,ドラゴン,ゴースト,28,60,30,40,30,82,クリアボディ,すりぬけ,のろわれボディ,n885,exact
ドロンチ,ドラゴン,ゴースト,68,80,50,60,50,102,クリアボディ,すりぬけ,のろわれボディ,n886,exact
ドラパルト,ドラゴン,ゴースト,88,120,75,100,75,142,クリアボディ,すりぬけ,のろわれボディ,n887,exact
ザシアン,フェアリー,,92,120,115,80,115,138,ふとうのけん,,,n888,exact
ザシアン(けんのおう),フェアリー,はがね,92,150,115,80,115,148,ふとうのけん,,,n888f,exact
ザマゼンタ,かくとう,,92,120,115,80,115,138,ふくつのたて,,,n889,exact
ザマゼンタ(たてのおう),かくとう,はがね,92,120,140,80,140,128,ふくつのたて,,,n889f,exact
ムゲンダイナ,どく,ドラゴン,140,85,95,145,95,130,プレッシャー,,,n890,exact
ムゲンダイナ(ムゲンダイマックス),どく,ドラゴン,255,115,250,125,250,130,プレッシャー,,,n890,species
ダクマ,かくとう,,60,90,60,53,50,72,せいしんりょく,,,n891,exact
ウーラオス,かくとう,あく,100,130,100,63,60,97,ふかしのこぶし,,,n892,exact
ウーラオス(れんげき),かくとう,みず,100,130,100,63,60,97,ふかしのこぶし,,,n892r,exact
ザルード,あく,くさ,105,120,105,70,95,105,リーフガード,,,n893,exact
ザルード(とうちゃん),あく,くさ,105,120,105,70,95,105,リーフガード,,,n893,species
レジエレキ,でんき,,80,100,50,100,50,200,トランジスタ,,,n894,exact
レジドラゴ,ドラゴン,,200,100,50,100,50,80,りゅうのあぎと,,,n895,exact
ブリザポス,こおり,,100,145,130,65,110,30,しろのいななき,,,n896,exact
レイスポス,ゴースト,,100,65,60,145,80,130,くろのいななき,,,n897,exact
バドレックス,エスパー,くさ,100,80,80,80,80,80,きんちょうかん,,,n898,exact
バドレックス(はくばじょう),エスパー,こおり,100,165,150,85,130,50,じんばいったい,,,n898w,exact
バドレックス(こくばじょう),エスパー,ゴースト,100,85,80,165,100,150,じんばいったい,,,n898b,exact
ウネルミナモ,みず,ドラゴン,99,83,91,125,83,109,こだいかっせい,,,n980,exact
テツノイサハ,くさ,エスパー,90,130,88,70,108,104,クォークチャージ,,,n987,exact
カミッチュ,くさ,ドラゴン,80,80,110,95,80,40,かんろなミツ,くいしんぼう,ねんちゃく,n1012,exact
チャデス,くさ,ゴースト,40,45,45,74,54,50,おもてなし,たいねつ,,n1024,exact
ヤバソチャ,くさ,ゴースト,71,60,106,121,80,70,おもてなし,たいねつ,,n1025,exact
イイネイヌ,どく,かくとう,88,128,115,58,86,80,どくのくさり,ばんけん,,n1014,exact
マシマシラ,どく,エスパー,88,75,66,130,90,106,どくのくさり,おみとおし,,n1015,exact
キチキギス,どく,フェアリー,88,91,82,70,125,99,どくのくさり,テクニシャン,,n1016,exact
オーガポン,くさ,,80,120,84,60,96,110,まけんき,,,n1011,exact
ブリジュラス,はがね,ドラゴン,90,105,130,125,65,85,じきゅうりょく,がんじょう,すじがねいり,n1023,exact
カミツオロチ,くさ,ドラゴン,106,80,110,120,80,44,かんろなミツ,さいせいりょく,ねんちゃく,n1013,exact
ウガツホムラ,ほのお,ドラゴン,105,115,121,65,93,91,こだいかっせい,,,n1017,exact
タケルライコ,でんき,ドラゴン,125,73,91,137,89,75,こだいかっせい,,,n1018,exact
テツノイワオ,いわ,エスパー,90,120,80,68,108,124,クォークチャージ,,,n1020,exact
テツノカシラ,はがね,エスパー,90,72,100,122,108,98,クォークチャージ,,,n1019,exact
テラパゴス,ノーマル,,90,65,85,65,85,60,テラスチェンジ,,,n1021,exact
モモワロウ,どく,ゴースト,88,88,160,88,88,88,どくくぐつ,,,n1022,exact
フシギバナ(キョダイマックス),くさ,どく,80,82,83,100,100,80,しんりょく,ようりょくそ,,n3,species
リザードン(キョダイマックス),ほのお,ひこう,78,84,78,109,85,100,もうか,サンパワー,,n6,species
カメックス(キョダイマックス),みず,,79,83,100,85,105,78,げきりゅう,あめうけざら,,n9,species
バタフリー(キョダイマックス),むし,ひこう,60,45,50,90,80,70,ふくがん,いろめがね,,n12,species
ピカチュウ(キョダイマックス),でんき,,35,55,40,50,50,90,せいでんき,ひらいしん,,n25,species
ニャース(キョダイマックス),ノーマル,,40,45,35,40,40,90,ものひろい,テクニシャン,きんちょうかん,n52,species
カイリキー(キョダイマックス),かくとう,,90,130,80,65,85,55,こんじょう,ノーガード,ふくつのこころ,n68,species
ゲンガー(キョダイマックス),ゴースト,どく,60,65,60,130,75,110,のろわれボディ,,,n94,species
キングラー(キョダイマックス),みず,,55,130,115,50,50,75,かいりきバサミ,シェルアーマー,ちからずく,n99,species
ラプラス(キョダイマックス),みず,こおり,130,85,80,85,95,60,ちょすい,シェルアーマー,うるおいボディ,n131,species
イーブイ(キョダイマックス),ノーマル,,55,55,50,45,65,55,にげあし,てきおうりょく,きけんよち,n133,species
カビゴン(キョダイマックス),ノーマル,,160,110,65,65,110,30,めんえき,あついしぼう,くいしんぼう,n143,species
ダストダス(キョダイマックス),どく,,80,95,82,60,82,75,あくしゅう,くだけるよろい,ゆうばく,n569,species
メルメタル(キョダイマックス),はがね,,135,143,143,80,65,34,てつのこぶし,,,n809,species
ゴリランダー(キョダイマックス),くさ,,100,125,90,60,70,85,しんりょく,グラスメイカー,,n812,species
エースバーン(キョダイマックス),ほのお,,80,116,75,65,75,119,もうか,リベロ,,n815,species
インテレオン(キョダイマックス),みず,,70,85,65,125,65,120,げきりゅう,スナイパー,,n818,species
アーマーガア(キョダイマックス),ひこう,はがね,98,87,105,53,85,67,プレッシャー,きんちょうかん,ミラーアーマー,n823,species
イオルブ(キョダイマックス),むし,エスパー,60,45,110,80,120,90,むしのしらせ,おみとおし,テレパシー,n826,species
カジリガメ(キョダイマックス),みず,いわ,90,115,90,48,68,74,がんじょうあご,シェルアーマー,すいすい,n834,species
セキタンザン(キョダイマックス),いわ,ほのお,110,80,120,80,90,30,じょうききかん,ほのおのからだ,もらいび,n839,species
アップリュー(キョダイマックス),くさ,ドラゴン,70,110,80,95,60,70,じゅくせい,くいしんぼう,はりきり,n841,species
タルップル(キョダイマックス),くさ,ドラゴン,110,85,80,100,80,30,じゅくせい,くいしんぼう,あついしぼう,n842,species
サダイジャ(キョダイマックス),じめん,,72,107,125,65,70,71,すなはき,だっぴ,すながくれ,n844,species
ストリンダー(ハイなすがた・キョダイマックス),でんき,どく,75,98,70,114,70,75,パンクロック,プラス,テクニシャン,n849,species
マルヤクデ(キョダイマックス),ほのお,むし,100,115,65,90,90,65,もらいび,しろいけむり,ほのおのからだ,n851,species
ブリムオン(キョダイマックス),エスパー,フェアリー,57,90,95,136,103,29,いやしのこころ,きけんよち,マジックミラー,n858,species
オーロンゲ(キョダイマックス),あく,フェアリー,95,120,65,95,75,60,いたずらごころ,おみとおし,わるいてぐせ,n861,species
マホイップ(キョダイマックス),フェアリー,,65,60,75,110,121,64,スイートベール,アロマベール,,n869,species
ダイオウドウ(キョダイマックス),はがね,,122,130,69,80,69,30,ちからずく,ヘヴィメタル,,n879,species
ジュラルドン(キョダイマックス),はがね,ドラゴン,70,95,115,120,50,85,ライトメタル,ヘヴィメタル,すじがねいり,n884,species
ウーラオス(いちげきのかた・キョダイマックス),かくとう,あく,100,130,100,63,60,97,ふかしのこぶし,,,n892,species
ウーラオス(れんげきのかた・キョダイマックス),かくとう,みず,100,130,100,63,60,97,ふかしのこぶし,,,n892,species
ストリンダー(ローなすがた・キョダイマックス),でんき,どく,75,98,70,114,70,75,パンクロック,マイナス,テクニシャン,n849,species
ガーディ(ヒスイ),ほのお,いわ,60,75,45,65,50,55,いかく,もらいび,いしあたま,n58h,exact
ウインディ(ヒスイ),ほのお,いわ,95,115,80,95,80,90,いかく,もらいび,いしあたま,n59h,exact
ビリリダマ(ヒスイ),でんき,くさ,40,30,50,55,55,100,ぼうおん,せいでんき,ゆうばく,n100h,exact
マルマイン(ヒスイ),でんき,くさ,60,50,70,80,80,150,ぼうおん,せいでんき,ゆうばく,n101h,exact
バクフーン(ヒスイ),ほのお,ゴースト,73,84,78,119,85,95,もうか,おみとおし,,n157h,exact
ハリーセン(ヒスイ),あく,どく,65,95,85,55,55,85,どくのトゲ,すいすい,いかく,n211h,exact
ニューラ(ヒスイ),かくとう,どく,55,95,55,35,75,115,せいしんりょく,するどいめ,わるいてぐせ,n215h,exact
ダイケンキ(ヒスイ),みず,あく,90,108,80,100,65,85,げきりゅう,きれあじ,,n503h,exact
ドレディア(ヒスイ),くさ,かくとう,70,105,75,50,75,105,ようりょくそ,はりきり,リーフガード,n549h,exact
ゾロア(ヒスイ),ノーマル,ゴースト,35,60,40,85,40,70,イリュージョン,,,n570h,exact
ゾロアーク(ヒスイ),ノーマル,ゴースト,55,100,60,125,60,110,イリュージョン,,,n571h,exact
ウォーグル(ヒスイ),エスパー,ひこう,110,83,70,112,70,65,するどいめ,ちからずく,いろめがね,n628h,exact
ヌメイル(ヒスイ),はがね,ドラゴン,58,75,83,83,113,40,そうしょく,シェルアーマー,ぬめぬめ,n705h,exact
ヌメルゴン(ヒスイ),はがね,ドラゴン,80,100,100,110,150,60,そうしょく,シェルアーマー,ぬめぬめ,n706h,exact
クレベース(ヒスイ),こおり,いわ,95,127,184,34,36,38,がんじょうあご,アイスボディ,がんじょう,n713h,exact
ジュナイパー(ヒスイ),くさ,かくとう,88,112,80,95,95,60,しんりょく,きもったま,,n724h,exact
ディアルガ(オリジン),はがね,ドラゴン,100,100,120,150,120,90,プレッシャー,テレパシー,,n483o,exact
パルキア(オリジン),みず,ドラゴン,90,100,100,150,120,120,プレッシャー,テレパシー,,n484o,exact
バスラオ(しろすじ),みず,,70,92,65,80,55,98,びびり,てきおうりょく,かたやぶり,n550w,exact
イダイトウ♀,みず,ゴースト,120,92,65,100,75,78,すいすい,てきおうりょく,かたやぶり,n902f,exact
ラブトロス(れいじゅう),フェアリー,ひこう,74,115,110,135,100,46,ぼうじん,,,n905a,exact
ケンタロス(パルデア・コンバット種),かくとう,,75,110,105,30,70,100,いかく,いかりのつぼ,はんすう,n128a,exact
ケンタロス(パルデア・ブレイズ種),かくとう,ほのお,75,110,105,30,70,100,いかく,いかりのつぼ,はんすう,n128b,exact
ケンタロス(パルデア・ウォーター種),かくとう,みず,75,110,105,30,70,100,いかく,いかりのつぼ,はんすう,n128c,exact
ウパー(パルデア),どく,じめん,55,45,45,25,25,15,どくのトゲ,ちょすい,てんねん,n194p,exact
パフュートン♀,ノーマル,,115,90,70,59,90,65,アロマベール,くいしんぼう,あついしぼう,n916f,exact
ノココッチ(みつふし),ノーマル,,125,100,80,85,75,55,てんのめぐみ,にげあし,びびり,n917,species
イルカマン(マイティ),みず,,100,160,97,106,87,100,マイティチェンジ,,,n934f,exact
イッカネズミ(3びきかぞく),ノーマル,,74,75,70,65,75,111,フレンドガード,ほおぶくろ,テクニシャン,n946,species
シャリタツ(たれた),ドラゴン,みず,68,50,60,120,95,82,しれいとう,よびみず,,n952,species
シャリタツ(のびた),ドラゴン,みず,68,50,60,120,95,82,しれいとう,よびみず,,n952,species
イキリンコ(ブルーフェザー),ノーマル,ひこう,82,96,51,45,51,92,いかく,はりきり,こんじょう,n960,species
イキリンコ(イエローフェザー),ノーマル,ひこう,82,96,51,45,51,92,いかく,はりきり,ちからずく,n960,species
イキリンコ(ホワイトフェザー),ノーマル,ひこう,82,96,51,45,51,92,いかく,はりきり,ちからずく,n960,species
コレクレー(とほ),ゴースト,,45,30,25,75,45,80,にげあし,,,n976f,exact
コライドン(せいげんけいたい),かくとう,ドラゴン,100,135,115,85,100,135,ひひいろのこどう,,,n998,species
コライドン(しっそうけいたい),かくとう,ドラゴン,100,135,115,85,100,135,ひひいろのこどう,,,n998,species
コライドン(ゆうえいけいたい),かくとう,ドラゴン,100,135,115,85,100,135,ひひいろのこどう,,,n998,species
コライドン(かっくうけいたい),かくとう,ドラゴン,100,135,115,85,100,135,ひひいろのこどう,,,n998,species
ミライドン(リミテッド),でんき,ドラゴン,100,85,100,135,115,135,ハドロンエンジン,,,n999,species
ミライドン(ドライブ),でんき,ドラゴン,100,85,100,135,115,135,ハドロンエンジン,,,n999,species
ミライドン(フロート),でんき,ドラゴン,100,85,100,135,115,135,ハドロンエンジン,,,n999,species
ミライドン(グライド),でんき,ドラゴン,100,85,100,135,115,135,ハドロンエンジン,,,n999,species
ガチグマ(アカツキ),じめん,ノーマル,113,70,120,135,65,52,しんがん,,,n901f,exact
オーガポン(いどのめん),くさ,みず,80,120,84,60,96,110,ちょすい,,,n1011w,exact
オーガポン(かまどのめん),くさ,ほのお,80,120,84,60,96,110,かたやぶり,,,n1011h,exact
オーガポン(いしずえのめん),くさ,いわ,80,120,84,60,96,110,がんじょう,,,n1011c,exact
テラパゴス(テラスタル),ノーマル,,95,95,110,105,110,85,テラスシェル,,,n1021t,exact
テラパゴス(ステラ),ノーマル,,160,105,110,130,110,85,ゼロフォーミング,,,n1021s,exact
メガピクシー,フェアリー,ひこう,95,80,93,135,110,70,マジックミラー,,,n36,species
メガウツボット,くさ,どく,80,125,85,135,95,70,とびだすなかみ,,,n71,species
メガスターミー,みず,エスパー,60,100,105,130,105,120,ちからもち,,,n121,species
メガカイリュー,ドラゴン,ひこう,91,124,115,145,125,100,マルチスケイル,,,n149,species
メガメガニウム,くさ,フェアリー,80,92,115,143,115,80,メガソーラー,,,n154,species
メガオーダイル,みず,ドラゴン,85,160,125,89,93,78,ドラゴンスキン,,,n160,species
メガエアームド,はがね,ひこう,65,140,110,40,100,110,すじがねいり,,,n227,species
メガユキメノコ,こおり,ゴースト,70,80,70,140,100,120,ゆきふらし,,,n478,species
メガエンブオー,ほのお,かくとう,110,148,75,110,110,75,かたやぶり,,,n500,species
メガドリュウズ,じめん,はがね,110,165,100,65,65,103,かんつうドリル,,,n530,species
メガペンドラー,むし,どく,60,140,149,75,99,62,,,,n545,species
メガズルズキン,あく,かくとう,65,130,135,55,135,68,,,,n560,species
メガシビルドン,でんき,,85,145,80,135,90,80,,,,n604,species
メガシャンデラ,ゴースト,ほのお,60,75,110,175,110,90,すりぬけ,,,n609,species
メガブリガロン,くさ,かくとう,88,137,172,74,115,44,ぼうだん,,,n652,species
メガマフォクシー,ほのお,エスパー,75,69,72,159,125,134,ふゆう,,,n655,species
メガゲッコウガ,みず,あく,72,125,77,133,81,142,へんげんじざい,,,n658,species
メガカエンジシ,ほのお,ノーマル,86,88,92,129,86,126,,,,n668,species
メガフラエッテ,フェアリー,,74,85,87,155,148,102,フェアリーオーラ,,,n670,species
メガカラマネロ,あく,エスパー,86,102,88,98,120,88,,,,n687,species
メガガメノデス,いわ,かくとう,72,140,130,64,106,88,,,,n689,species
メガドラミドロ,どく,ドラゴン,65,85,105,132,163,44,,,,n691,species
メガルチャブル,かくとう,ひこう,78,137,100,74,93,118,ノーガード,,,n701,species
メガジガルデ,ドラゴン,じめん,216,70,91,216,85,100,,,,n718,species
メガジジーロン,ノーマル,ドラゴン,78,85,110,160,116,36,ぎゃくじょう,,,n780,species
メガタイレーツ,かくとう,,65,135,135,70,65,100,,,,n870,species
メガライチュウX,でんき,,60,135,95,90,95,110,エレキメイカー,,,n26,species
メガライチュウY,でんき,,60,100,55,160,80,130,ノーガード,,,n26,species
メガチリーン,エスパー,はがね,75,50,110,135,120,65,ふゆう,,,n358,species
メガアブソルZ,あく,ゴースト,65,154,60,75,60,151,,,,n359,species
メガムクホーク,かくとう,ひこう,85,140,100,60,90,110,,,,n398,species
メガガブリアスZ,ドラゴン,,108,130,85,141,85,151,,,,n445,species
メガルカリオZ,かくとう,はがね,70,100,70,164,70,151,,,,n448,species
メガヒードラン,ほのお,はがね,91,120,106,175,141,67,,,,n485,species
メガダークライ,あく,,70,120,130,165,130,85,,,,n491,species
メガゴルーグ,じめん,ゴースト,89,159,105,70,105,55,ふかしのこぶし,,,n623,species
メガニャオニクス,エスパー,,74,48,76,143,101,124,トレース,,,n678,species
メガケケンカニ,かくとう,こおり,97,157,122,62,107,33,てつのこぶし,,,n740,species
メガグソクムシャ,むし,はがね,75,150,175,70,120,40,,,,n768,species
メガマギアナ(通常),はがね,フェアリー,80,125,115,170,115,95,,,,n801,species
メガマギアナ(500ねんまえのいろ),はがね,フェアリー,80,125,115,170,115,95,,,,n801,species
メガゼラオラ,でんき,,88,157,75,147,80,153,,,,n807,species
メガスコヴィラン,くさ,ほのお,65,138,85,138,85,75,とびだすハバネロ,,,n939,species
メガキラフロル,いわ,どく,83,90,105,150,96,101,てきおうりょく,,,n967,species
メガシャリタツ(そった),ドラゴン,みず,68,65,90,135,125,92,,,,n952,species
メガシャリタツ(たれた),ドラゴン,みず,68,65,90,135,125,92,,,,n952,species
メガシャリタツ(のびた),ドラゴン,みず,68,65,90,135,125,92,,,,n952,species
メガセグレイブ,ドラゴン,こおり,115,175,117,105,101,87,,,,n951,species
